-- --------------------------------------------------------
-- 호스트:                          grkeeper.kr
-- 서버 버전:                        10.4.14-MariaDB - mariadb.org binary distribution
-- 서버 OS:                        Win64
-- HeidiSQL 버전:                  11.0.0.5919
-- --------------------------------------------------------

/*!40101 SET @OLD_CHARACTER_SET_CLIENT=@@CHARACTER_SET_CLIENT */;
/*!40101 SET NAMES utf8 */;
/*!50503 SET NAMES utf8mb4 */;
/*!40014 SET @OLD_FOREIGN_KEY_CHECKS=@@FOREIGN_KEY_CHECKS, FOREIGN_KEY_CHECKS=0 */;
/*!40101 SET @OLD_SQL_MODE=@@SQL_MODE, SQL_MODE='NO_AUTO_VALUE_ON_ZERO' */;


-- cloud_24_365 데이터베이스 구조 내보내기
CREATE DATABASE IF NOT EXISTS `cloud_24_365` /*!40100 DEFAULT CHARACTER SET utf8 */;
USE `cloud_24_365`;

-- 테이블 cloud_24_365.auth_info 구조 내보내기
CREATE TABLE IF NOT EXISTS `auth_info` (
  `IDX` varchar(50) NOT NULL DEFAULT '' COMMENT '인덱스(고유키)',
  `sub_idx` varchar(50) DEFAULT NULL,
  `AUTH_CODE` int(11) NOT NULL DEFAULT 11 COMMENT '권한코드',
  `URL` varchar(100) DEFAULT NULL COMMENT '권한 URL',
  `AUTH_URL_NAME1` varchar(50) DEFAULT NULL COMMENT '권한명1',
  `AUTH_URL_NAME2` varchar(50) DEFAULT NULL COMMENT '권한명2',
  `AUTH_URL_NAME3` varchar(50) DEFAULT NULL,
  `USE_YN` varchar(20) DEFAULT 'Y' COMMENT '허용여부',
  PRIMARY KEY (`IDX`,`AUTH_CODE`) USING BTREE,
  KEY `FK_auth_info_sys_auth` (`AUTH_CODE`),
  CONSTRAINT `FK_auth_info_sys_auth` FOREIGN KEY (`AUTH_CODE`) REFERENCES `sys_auth` (`AUTH_CODE`) ON UPDATE CASCADE
) ENGINE=InnoDB DEFAULT CHARSET=utf8;

-- 테이블 데이터 cloud_24_365.auth_info:~168 rows (대략적) 내보내기
DELETE FROM `auth_info`;
/*!40000 ALTER TABLE `auth_info` DISABLE KEYS */;
INSERT INTO `auth_info` (`IDX`, `sub_idx`, `AUTH_CODE`, `URL`, `AUTH_URL_NAME1`, `AUTH_URL_NAME2`, `AUTH_URL_NAME3`, `USE_YN`) VALUES
	('11', '11', 11, '/client/bill', '과금', '과금 현황', NULL, 'Y'),
	('11', '11', 99, '/client/bill', '과금', '과금 현황', NULL, 'Y'),
	('11', '11', 100, '/client/bill', '과금', '과금 현황', NULL, 'Y'),
	('11', '11', 200, '/client/bill', '과금', '과금 현황', NULL, 'Y'),
	('11', '11', 300, '/client/bill', '과금', '과금 현황', NULL, 'Y'),
	('11', '11', 400, '/client/bill', '과금', '과금 현황', NULL, 'Y'),
	('11', '11', 998, '/client/bill', '과금', '과금 현황', NULL, 'Y'),
	('11', '11', 999, '/client/bill', '과금', '과금 현황', NULL, 'Y'),
	('21', '21', 11, '/client/support', '고객지원', '공지사항', NULL, 'Y'),
	('21', '21', 99, '/client/support', '고객지원', '공지사항', NULL, 'Y'),
	('21', '21', 100, '/client/support', '고객지원', '공지사항', NULL, 'Y'),
	('21', '21', 200, '/client/support', '고객지원', '공지사항', NULL, 'Y'),
	('21', '21', 300, '/client/support', '고객지원', '공지사항', NULL, 'Y'),
	('21', '21', 400, '/client/support', '고객지원', '공지사항', NULL, 'Y'),
	('21', '21', 998, '/client/support', '고객지원', '공지사항', NULL, 'Y'),
	('21', '21', 999, '/client/support', '고객지원', '공지사항', NULL, 'Y'),
	('22', '21', 11, '/client/support', '고객지원', '내 문의', NULL, 'Y'),
	('22', '21', 99, '/client/support', '고객지원', '내 문의', NULL, 'Y'),
	('22', '21', 100, '/client/support', '고객지원', '내 문의', NULL, 'Y'),
	('22', '21', 200, '/client/support', '고객지원', '내 문의', NULL, 'Y'),
	('22', '21', 300, '/client/support', '고객지원', '내 문의', NULL, 'Y'),
	('22', '21', 400, '/client/support', '고객지원', '내 문의', NULL, 'Y'),
	('22', '21', 998, '/client/support', '고객지원', '내 문의', NULL, 'Y'),
	('22', '21', 999, '/client/support', '고객지원', '내 문의', NULL, 'Y'),
	('23', '21', 11, '/client/support', '고객지원', 'FAQ', NULL, 'Y'),
	('23', '21', 99, '/client/support', '고객지원', 'FAQ', NULL, 'Y'),
	('23', '21', 100, '/client/support', '고객지원', 'FAQ', NULL, 'Y'),
	('23', '21', 200, '/client/support', '고객지원', 'FAQ', NULL, 'Y'),
	('23', '21', 300, '/client/support', '고객지원', 'FAQ', NULL, 'Y'),
	('23', '21', 400, '/client/support', '고객지원', 'FAQ', NULL, 'Y'),
	('23', '21', 998, '/client/support', '고객지원', 'FAQ', NULL, 'Y'),
	('23', '21', 999, '/client/support', '고객지원', 'FAQ', NULL, 'Y'),
	('24', '21', 11, '/client/support', '고객지원', '보고서', NULL, 'Y'),
	('24', '21', 99, '/client/support', '고객지원', '보고서', NULL, 'Y'),
	('24', '21', 100, '/client/support', '고객지원', '보고서', NULL, 'Y'),
	('24', '21', 200, '/client/support', '고객지원', '보고서', NULL, 'Y'),
	('24', '21', 300, '/client/support', '고객지원', '보고서', NULL, 'Y'),
	('24', '21', 400, '/client/support', '고객지원', '보고서', NULL, 'Y'),
	('24', '21', 998, '/client/support', '고객지원', '보고서', NULL, 'Y'),
	('24', '21', 999, '/client/support', '고객지원', '보고서', NULL, 'Y'),
	('31', '31', 11, '/client/setting/account', '설정', '내정보조회', NULL, 'Y'),
	('31', '31', 99, '/client/setting/account', '설정', '내정보조회', NULL, 'Y'),
	('31', '31', 100, '/client/setting/account', '설정', '내정보조회', NULL, 'Y'),
	('31', '31', 200, '/client/setting/account', '설정', '내정보조회', NULL, 'Y'),
	('31', '31', 300, '/client/setting/account', '설정', '내정보조회', NULL, 'Y'),
	('31', '31', 400, '/client/setting/account', '설정', '내정보조회', NULL, 'Y'),
	('31', '31', 998, '/client/setting/account', '설정', '내정보조회', NULL, 'Y'),
	('31', '31', 999, '/client/setting/account', '설정', '내정보조회', NULL, 'Y'),
	('32', '31', 11, '/client/setting/user', '설정', '멤버 관리', '관리 현황', 'Y'),
	('32', '31', 99, '/client/setting/user', '설정', '멤버 관리', '관리 현황', 'Y'),
	('32', '31', 100, '/client/setting/user', '설정', '멤버 관리', '관리 현황', 'Y'),
	('32', '31', 200, '/client/setting/user', '설정', '멤버 관리', '관리 현황', 'Y'),
	('32', '31', 300, '/client/setting/user', '설정', '멤버 관리', '관리 현황', 'Y'),
	('32', '31', 400, '/client/setting/user', '설정', '멤버 관리', '관리 현황', 'Y'),
	('32', '31', 998, '/client/setting/user', '설정', '멤버 관리', '관리 현황', 'Y'),
	('32', '31', 999, '/client/setting/user', '설정', '멤버 관리', '관리 현황', 'Y'),
	('41', '41', 11, '/admin/client', '고객관리', '계약 현황', NULL, 'N'),
	('41', '41', 99, '/admin/client', '고객관리', '계약 현황', NULL, 'N'),
	('41', '41', 100, '/admin/client', '고객관리', '계약 현황', NULL, 'Y'),
	('41', '41', 200, '/admin/client', '고객관리', '계약 현황', NULL, 'Y'),
	('41', '41', 300, '/admin/client', '고객관리', '계약 현황', NULL, 'Y'),
	('41', '41', 400, '/admin/client', '고객관리', '계약 현황', NULL, 'Y'),
	('41', '41', 998, '/admin/client', '고객관리', '계약 현황', NULL, 'Y'),
	('41', '41', 999, '/admin/client', '고객관리', '계약 현황', NULL, 'Y'),
	('42', '41', 11, '/admin/client', '고객관리', '고객 등록', NULL, 'N'),
	('42', '41', 99, '/admin/client', '고객관리', '고객 등록', NULL, 'N'),
	('42', '41', 100, '/admin/client', '고객관리', '고객 등록', NULL, 'Y'),
	('42', '41', 200, '/admin/client', '고객관리', '고객 등록', NULL, 'Y'),
	('42', '41', 300, '/admin/client', '고객관리', '고객 등록', NULL, 'Y'),
	('42', '41', 400, '/admin/client', '고객관리', '고객 등록', NULL, 'Y'),
	('42', '41', 998, '/admin/client', '고객관리', '고객 등록', NULL, 'Y'),
	('42', '41', 999, '/admin/client', '고객관리', '고객 등록', NULL, 'Y'),
	('43', '41', 11, '/admin/client/charge', '고객관리', '고객 과금', '관리 현황', 'N'),
	('43', '41', 99, '/admin/client/charge', '고객관리', '고객 과금', '관리 현황', 'N'),
	('43', '41', 100, '/admin/client/charge', '고객관리', '고객 과금', '관리 현황', 'Y'),
	('43', '41', 200, '/admin/client/charge', '고객관리', '고객 과금', '관리 현황', 'Y'),
	('43', '41', 300, '/admin/client/charge', '고객관리', '고객 과금', '관리 현황', 'Y'),
	('43', '41', 400, '/admin/client/charge', '고객관리', '고객 과금', '관리 현황', 'Y'),
	('43', '41', 998, '/admin/client/charge', '고객관리', '고객 과금', '관리 현황', 'Y'),
	('43', '41', 999, '/admin/client/charge', '고객관리', '고객 과금', '관리 현황', 'Y'),
	('51', '51', 11, '/admin/support/notice', '고객지원 관리', '공지사항 관리', '관리 현황', 'N'),
	('51', '51', 99, '/admin/support/notice', '고객지원 관리', '공지사항 관리', '관리 현황', 'N'),
	('51', '51', 100, '/admin/support/notice', '고객지원 관리', '공지사항 관리', '관리 현황', 'Y'),
	('51', '51', 200, '/admin/support/notice', '고객지원 관리', '공지사항 관리', '관리 현황', 'Y'),
	('51', '51', 300, '/admin/support/notice', '고객지원 관리', '공지사항 관리', '관리 현황', 'Y'),
	('51', '51', 400, '/admin/support/notice', '고객지원 관리', '공지사항 관리', '관리 현황', 'Y'),
	('51', '51', 998, '/admin/support/notice', '고객지원 관리', '공지사항 관리', '관리 현황', 'Y'),
	('51', '51', 999, '/admin/support/notice', '고객지원 관리', '공지사항 관리', '관리 현황', 'Y'),
	('52', '51', 11, '/admin/support/request', '고객지원 관리', '문의 관리', '관리 현황', 'N'),
	('52', '51', 99, '/admin/support/request', '고객지원 관리', '문의 관리', '관리 현황', 'N'),
	('52', '51', 100, '/admin/support/request', '고객지원 관리', '문의 관리', '관리 현황', 'Y'),
	('52', '51', 200, '/admin/support/request', '고객지원 관리', '문의 관리', '관리 현황', 'Y'),
	('52', '51', 300, '/admin/support/request', '고객지원 관리', '문의 관리', '관리 현황', 'Y'),
	('52', '51', 400, '/admin/support/request', '고객지원 관리', '문의 관리', '관리 현황', 'Y'),
	('52', '51', 998, '/admin/support/request', '고객지원 관리', '문의 관리', '관리 현황', 'Y'),
	('52', '51', 999, '/admin/support/request', '고객지원 관리', '문의 관리', '관리 현황', 'Y'),
	('53', '51', 11, '/admin/support/faq', '고객지원 관리', 'FAQ 관리', '관리 현황', 'N'),
	('53', '51', 99, '/admin/support/faq', '고객지원 관리', 'FAQ 관리', '관리 현황', 'N'),
	('53', '51', 100, '/admin/support/faq', '고객지원 관리', 'FAQ 관리', '관리 현황', 'Y'),
	('53', '51', 200, '/admin/support/faq', '고객지원 관리', 'FAQ 관리', '관리 현황', 'Y'),
	('53', '51', 300, '/admin/support/faq', '고객지원 관리', 'FAQ 관리', '관리 현황', 'Y'),
	('53', '51', 400, '/admin/support/faq', '고객지원 관리', 'FAQ 관리', '관리 현황', 'Y'),
	('53', '51', 998, '/admin/support/faq', '고객지원 관리', 'FAQ 관리', '관리 현황', 'Y'),
	('53', '51', 999, '/admin/support/faq', '고객지원 관리', 'FAQ 관리', '관리 현황', 'Y'),
	('61', '61', 11, '/admin/report', '보고서', '관리현황', NULL, 'N'),
	('61', '61', 99, '/admin/report', '보고서', '관리현황', NULL, 'N'),
	('61', '61', 100, '/admin/report', '보고서', '관리현황', NULL, 'Y'),
	('61', '61', 200, '/admin/report', '보고서', '관리현황', NULL, 'Y'),
	('61', '61', 300, '/admin/report', '보고서', '관리현황', NULL, 'Y'),
	('61', '61', 400, '/admin/report', '보고서', '관리현황', NULL, 'Y'),
	('61', '61', 998, '/admin/report', '보고서', '관리현황', NULL, 'Y'),
	('61', '61', 999, '/admin/report', '보고서', '관리현황', NULL, 'Y'),
	('62', '61', 11, '/admin/report', '보고서', '보고서등록', NULL, 'N'),
	('62', '61', 99, '/admin/report', '보고서', '보고서등록', NULL, 'N'),
	('62', '61', 100, '/admin/report', '보고서', '보고서등록', NULL, 'Y'),
	('62', '61', 200, '/admin/report', '보고서', '보고서등록', NULL, 'Y'),
	('62', '61', 300, '/admin/report', '보고서', '보고서등록', NULL, 'Y'),
	('62', '61', 400, '/admin/report', '보고서', '보고서등록', NULL, 'Y'),
	('62', '61', 998, '/admin/report', '보고서', '보고서등록', NULL, 'Y'),
	('62', '61', 999, '/admin/report', '보고서', '보고서등록', NULL, 'Y'),
	('71', '71', 11, '/admin/auth', '권한 관리', '권한관리', NULL, 'N'),
	('71', '71', 99, '/admin/auth', '권한 관리', '권한관리', NULL, 'N'),
	('71', '71', 100, '/admin/auth', '권한 관리', '권한관리', NULL, 'Y'),
	('71', '71', 200, '/admin/auth', '권한 관리', '권한관리', NULL, 'Y'),
	('71', '71', 300, '/admin/auth', '권한 관리', '권한관리', NULL, 'Y'),
	('71', '71', 400, '/admin/auth', '권한 관리', '권한관리', NULL, 'Y'),
	('71', '71', 998, '/admin/auth', '권한 관리', '권한관리', NULL, 'Y'),
	('71', '71', 999, '/admin/auth', '권한 관리', '권한관리', NULL, 'Y'),
	('72', '71', 11, '/admin/auth', '권한 관리', '세부권한관리', NULL, 'N'),
	('72', '71', 99, '/admin/auth', '권한 관리', '세부권한관리', NULL, 'N'),
	('72', '71', 100, '/admin/auth', '권한 관리', '세부권한관리', NULL, 'Y'),
	('72', '71', 200, '/admin/auth', '권한 관리', '세부권한관리', NULL, 'Y'),
	('72', '71', 300, '/admin/auth', '권한 관리', '세부권한관리', NULL, 'Y'),
	('72', '71', 400, '/admin/auth', '권한 관리', '세부권한관리', NULL, 'Y'),
	('72', '71', 998, '/admin/auth', '권한 관리', '세부권한관리', NULL, 'Y'),
	('72', '71', 999, '/admin/auth', '권한 관리', '세부권한관리', NULL, 'Y'),
	('81', '81', 11, '/admin/opr', '운영지표', '서비스현황', NULL, 'N'),
	('81', '81', 99, '/admin/opr', '운영지표', '서비스현황', NULL, 'N'),
	('81', '81', 100, '/admin/opr', '운영지표', '서비스현황', NULL, 'Y'),
	('81', '81', 200, '/admin/opr', '운영지표', '서비스현황', NULL, 'Y'),
	('81', '81', 300, '/admin/opr', '운영지표', '서비스현황', NULL, 'Y'),
	('81', '81', 400, '/admin/opr', '운영지표', '서비스현황', NULL, 'Y'),
	('81', '81', 998, '/admin/opr', '운영지표', '서비스현황', NULL, 'Y'),
	('81', '81', 999, '/admin/opr', '운영지표', '서비스현황', NULL, 'Y'),
	('91', '91', 11, '/admin/edit', 'editor', '컨텐츠 관리현황', NULL, 'N'),
	('91', '91', 99, '/admin/edit', 'editor', '컨텐츠 관리현황', NULL, 'N'),
	('91', '91', 100, '/admin/edit', 'editor', '컨텐츠 관리현황', NULL, 'Y'),
	('91', '91', 200, '/admin/edit', 'editor', '컨텐츠 관리현황', NULL, 'Y'),
	('91', '91', 300, '/admin/edit', 'editor', '컨텐츠 관리현황', NULL, 'Y'),
	('91', '91', 400, '/admin/edit', 'editor', '컨텐츠 관리현황', NULL, 'Y'),
	('91', '91', 998, '/admin/edit', 'editor', '컨텐츠 관리현황', NULL, 'Y'),
	('91', '91', 999, '/admin/edit', 'editor', '컨텐츠 관리현황', NULL, 'Y'),
	('92', '91', 11, '/admin/edit', 'editor', '고객사 관리현황', NULL, 'N'),
	('92', '91', 99, '/admin/edit', 'editor', '고객사 관리현황', NULL, 'N'),
	('92', '91', 100, '/admin/edit', 'editor', '고객사 관리현황', NULL, 'Y'),
	('92', '91', 200, '/admin/edit', 'editor', '고객사 관리현황', NULL, 'Y'),
	('92', '91', 300, '/admin/edit', 'editor', '고객사 관리현황', NULL, 'Y'),
	('92', '91', 400, '/admin/edit', 'editor', '고객사 관리현황', NULL, 'Y'),
	('92', '91', 998, '/admin/edit', 'editor', '고객사 관리현황', NULL, 'Y'),
	('92', '91', 999, '/admin/edit', 'editor', '고객사 관리현황', NULL, 'Y'),
	('93', '91', 11, '/admin/edit', 'editor', '청구서양식 관리현황', NULL, 'N'),
	('93', '91', 99, '/admin/edit', 'editor', '청구서양식 관리현황', NULL, 'N'),
	('93', '91', 100, '/admin/edit', 'editor', '청구서양식 관리현황', NULL, 'Y'),
	('93', '91', 200, '/admin/edit', 'editor', '청구서양식 관리현황', NULL, 'Y'),
	('93', '91', 300, '/admin/edit', 'editor', '청구서양식 관리현황', NULL, 'Y'),
	('93', '91', 400, '/admin/edit', 'editor', '청구서양식 관리현황', NULL, 'Y'),
	('93', '91', 998, '/admin/edit', 'editor', '청구서양식 관리현황', NULL, 'Y'),
	('93', '91', 999, '/admin/edit', 'editor', '청구서양식 관리현황', NULL, 'Y');
/*!40000 ALTER TABLE `auth_info` ENABLE KEYS */;

-- 테이블 cloud_24_365.auth_info2 구조 내보내기
CREATE TABLE IF NOT EXISTS `auth_info2` (
  `IDX` int(11) NOT NULL COMMENT '인덱스(고유키)',
  `AUTH_CODE` int(11) NOT NULL DEFAULT 11 COMMENT '권한코드',
  `URL` varchar(100) DEFAULT NULL COMMENT '권한 URL',
  `AUTH_URL_NAME1` varchar(50) DEFAULT NULL COMMENT '권한명1',
  `AUTH_URL_NAME2` varchar(50) DEFAULT NULL COMMENT '권한명2',
  `AUTH_URL_NAME3` varchar(50) DEFAULT NULL,
  `USE_YN` varchar(20) DEFAULT 'Y' COMMENT '허용여부',
  PRIMARY KEY (`IDX`,`AUTH_CODE`) USING BTREE,
  KEY `FK_auth_info2_sys_auth` (`AUTH_CODE`),
  CONSTRAINT `FK_auth_info2_sys_auth` FOREIGN KEY (`AUTH_CODE`) REFERENCES `sys_auth` (`AUTH_CODE`) ON DELETE CASCADE ON UPDATE CASCADE
) ENGINE=InnoDB DEFAULT CHARSET=utf8;

-- 테이블 데이터 cloud_24_365.auth_info2:~208 rows (대략적) 내보내기
DELETE FROM `auth_info2`;
/*!40000 ALTER TABLE `auth_info2` DISABLE KEYS */;
INSERT INTO `auth_info2` (`IDX`, `AUTH_CODE`, `URL`, `AUTH_URL_NAME1`, `AUTH_URL_NAME2`, `AUTH_URL_NAME3`, `USE_YN`) VALUES
	(11, 11, '/client/bill/list', '과금', '과금 현황', NULL, 'Y'),
	(11, 99, '/client/bill/list', '과금', '과금 현황', NULL, 'Y'),
	(11, 100, '/client/bill/list', '과금', '과금 현황', NULL, 'Y'),
	(11, 200, '/client/bill/list', '과금', '과금 현황', NULL, 'Y'),
	(11, 300, '/client/bill/list', '과금', '과금 현황', NULL, 'Y'),
	(11, 400, '/client/bill/list', '과금', '과금 현황', NULL, 'Y'),
	(11, 998, '/client/bill/list', '과금', '과금 현황', NULL, 'Y'),
	(11, 999, '/client/bill/list', '과금', '과금 현황', NULL, 'Y'),
	(21, 11, '/client/support/list', '고객지원', '공지사항', NULL, 'Y'),
	(21, 99, '/client/support/list', '고객지원', '공지사항', NULL, 'Y'),
	(21, 100, '/client/support/list', '고객지원', '공지사항', NULL, 'Y'),
	(21, 200, '/client/support/list', '고객지원', '공지사항', NULL, 'Y'),
	(21, 300, '/client/support/list', '고객지원', '공지사항', NULL, 'Y'),
	(21, 400, '/client/support/list', '고객지원', '공지사항', NULL, 'Y'),
	(21, 998, '/client/support/list', '고객지원', '공지사항', NULL, 'Y'),
	(21, 999, '/client/support/list', '고객지원', '공지사항', NULL, 'Y'),
	(22, 11, '/client/support/myReq', '고객지원', '내 문의', NULL, 'Y'),
	(22, 99, '/client/support/myReq', '고객지원', '내 문의', NULL, 'Y'),
	(22, 100, '/client/support/myReq', '고객지원', '내 문의', NULL, 'Y'),
	(22, 200, '/client/support/myReq', '고객지원', '내 문의', NULL, 'Y'),
	(22, 300, '/client/support/myReq', '고객지원', '내 문의', NULL, 'Y'),
	(22, 400, '/client/support/myReq', '고객지원', '내 문의', NULL, 'Y'),
	(22, 998, '/client/support/myReq', '고객지원', '내 문의', NULL, 'Y'),
	(22, 999, '/client/support/myReq', '고객지원', '내 문의', NULL, 'Y'),
	(23, 11, '/client/support/faq', '고객지원', 'FAQ', NULL, 'Y'),
	(23, 99, '/client/support/faq', '고객지원', 'FAQ', NULL, 'Y'),
	(23, 100, '/client/support/faq', '고객지원', 'FAQ', NULL, 'Y'),
	(23, 200, '/client/support/faq', '고객지원', 'FAQ', NULL, 'Y'),
	(23, 300, '/client/support/faq', '고객지원', 'FAQ', NULL, 'Y'),
	(23, 400, '/client/support/faq', '고객지원', 'FAQ', NULL, 'Y'),
	(23, 998, '/client/support/faq', '고객지원', 'FAQ', NULL, 'Y'),
	(23, 999, '/client/support/faq', '고객지원', 'FAQ', NULL, 'Y'),
	(24, 11, '/client/support/report', '고객지원', '보고서', NULL, 'Y'),
	(24, 99, '/client/support/report', '고객지원', '보고서', NULL, 'Y'),
	(24, 100, '/client/support/report', '고객지원', '보고서', NULL, 'Y'),
	(24, 200, '/client/support/report', '고객지원', '보고서', NULL, 'Y'),
	(24, 300, '/client/support/report', '고객지원', '보고서', NULL, 'Y'),
	(24, 400, '/client/support/report', '고객지원', '보고서', NULL, 'Y'),
	(24, 998, '/client/support/report', '고객지원', '보고서', NULL, 'Y'),
	(24, 999, '/client/support/report', '고객지원', '보고서', NULL, 'Y'),
	(31, 11, '/client/setting/account/actInfo', '설정', '내정보조회', NULL, 'Y'),
	(31, 99, '/client/setting/account/actInfo', '설정', '내정보조회', NULL, 'Y'),
	(31, 100, '/client/setting/account/actInfo', '설정', '내정보조회', NULL, 'Y'),
	(31, 200, '/client/setting/account/actInfo', '설정', '내정보조회', NULL, 'Y'),
	(31, 300, '/client/setting/account/actInfo', '설정', '내정보조회', NULL, 'Y'),
	(31, 400, '/client/setting/account/actInfo', '설정', '내정보조회', NULL, 'Y'),
	(31, 998, '/client/setting/account/actInfo', '설정', '내정보조회', NULL, 'Y'),
	(31, 999, '/client/setting/account/actInfo', '설정', '내정보조회', NULL, 'Y'),
	(41, 11, '/admin/client/contract', '고객관리', '계약 현황', NULL, 'Y'),
	(41, 99, '/admin/client/contract', '고객관리', '계약 현황', NULL, 'Y'),
	(41, 100, '/admin/client/contract', '고객관리', '계약 현황', NULL, 'Y'),
	(41, 200, '/admin/client/contract', '고객관리', '계약 현황', NULL, 'Y'),
	(41, 300, '/admin/client/contract', '고객관리', '계약 현황', NULL, 'Y'),
	(41, 400, '/admin/client/contract', '고객관리', '계약 현황', NULL, 'Y'),
	(41, 998, '/admin/client/contract', '고객관리', '계약 현황', NULL, 'Y'),
	(41, 999, '/admin/client/contract', '고객관리', '계약 현황', NULL, 'Y'),
	(42, 11, '/admin/client/register', '고객관리', '고객 등록', NULL, 'Y'),
	(42, 99, '/admin/client/register', '고객관리', '고객 등록', NULL, 'Y'),
	(42, 100, '/admin/client/register', '고객관리', '고객 등록', NULL, 'Y'),
	(42, 200, '/admin/client/register', '고객관리', '고객 등록', NULL, 'Y'),
	(42, 300, '/admin/client/register', '고객관리', '고객 등록', NULL, 'Y'),
	(42, 400, '/admin/client/register', '고객관리', '고객 등록', NULL, 'Y'),
	(42, 998, '/admin/client/register', '고객관리', '고객 등록', NULL, 'Y'),
	(42, 999, '/admin/client/register', '고객관리', '고객 등록', NULL, 'Y'),
	(61, 11, '/admin/report/list', '보고서', '관리현황', NULL, 'Y'),
	(61, 99, '/admin/report/list', '보고서', '관리현황', NULL, 'Y'),
	(61, 100, '/admin/report/list', '보고서', '관리현황', NULL, 'Y'),
	(61, 200, '/admin/report/list', '보고서', '관리현황', NULL, 'Y'),
	(61, 300, '/admin/report/list', '보고서', '관리현황', NULL, 'Y'),
	(61, 400, '/admin/report/list', '보고서', '관리현황', NULL, 'Y'),
	(61, 998, '/admin/report/list', '보고서', '관리현황', NULL, 'Y'),
	(61, 999, '/admin/report/list', '보고서', '관리현황', NULL, 'Y'),
	(62, 11, '/admin/report/register', '보고서', '보고서등록', NULL, 'Y'),
	(62, 99, '/admin/report/register', '보고서', '보고서등록', NULL, 'Y'),
	(62, 100, '/admin/report/register', '보고서', '보고서등록', NULL, 'Y'),
	(62, 200, '/admin/report/register', '보고서', '보고서등록', NULL, 'Y'),
	(62, 300, '/admin/report/register', '보고서', '보고서등록', NULL, 'Y'),
	(62, 400, '/admin/report/register', '보고서', '보고서등록', NULL, 'Y'),
	(62, 998, '/admin/report/register', '보고서', '보고서등록', NULL, 'Y'),
	(62, 999, '/admin/report/register', '보고서', '보고서등록', NULL, 'Y'),
	(71, 11, '/admin/auth/list', '권한 관리', '권한관리', NULL, 'Y'),
	(71, 99, '/admin/auth/list', '권한 관리', '권한관리', NULL, 'Y'),
	(71, 100, '/admin/auth/list', '권한 관리', '권한관리', NULL, 'Y'),
	(71, 200, '/admin/auth/list', '권한 관리', '권한관리', NULL, 'Y'),
	(71, 300, '/admin/auth/list', '권한 관리', '권한관리', NULL, 'Y'),
	(71, 400, '/admin/auth/list', '권한 관리', '권한관리', NULL, 'Y'),
	(71, 998, '/admin/auth/list', '권한 관리', '권한관리', NULL, 'Y'),
	(71, 999, '/admin/auth/list', '권한 관리', '권한관리', NULL, 'Y'),
	(72, 11, '/admin/auth/authList', '권한 관리', '세부권한관리', NULL, 'Y'),
	(72, 99, '/admin/auth/authList', '권한 관리', '세부권한관리', NULL, 'Y'),
	(72, 100, '/admin/auth/authList', '권한 관리', '세부권한관리', NULL, 'Y'),
	(72, 200, '/admin/auth/authList', '권한 관리', '세부권한관리', NULL, 'Y'),
	(72, 300, '/admin/auth/authList', '권한 관리', '세부권한관리', NULL, 'Y'),
	(72, 400, '/admin/auth/authList', '권한 관리', '세부권한관리', NULL, 'Y'),
	(72, 998, '/admin/auth/authList', '권한 관리', '세부권한관리', NULL, 'Y'),
	(72, 999, '/admin/auth/authList', '권한 관리', '세부권한관리', NULL, 'Y'),
	(81, 11, '/admin/opr/list', '운영지표', '서비스현황', NULL, 'Y'),
	(81, 99, '/admin/opr/list', '운영지표', '서비스현황', NULL, 'Y'),
	(81, 100, '/admin/opr/list', '운영지표', '서비스현황', NULL, 'Y'),
	(81, 200, '/admin/opr/list', '운영지표', '서비스현황', NULL, 'Y'),
	(81, 300, '/admin/opr/list', '운영지표', '서비스현황', NULL, 'Y'),
	(81, 400, '/admin/opr/list', '운영지표', '서비스현황', NULL, 'Y'),
	(81, 998, '/admin/opr/list', '운영지표', '서비스현황', NULL, 'Y'),
	(81, 999, '/admin/opr/list', '운영지표', '서비스현황', NULL, 'Y'),
	(91, 11, '/admin/edit/content', 'editor', '컨텐츠 관리현황', NULL, 'Y'),
	(91, 99, '/admin/edit/content', 'editor', '컨텐츠 관리현황', NULL, 'Y'),
	(91, 100, '/admin/edit/content', 'editor', '컨텐츠 관리현황', NULL, 'Y'),
	(91, 200, '/admin/edit/content', 'editor', '컨텐츠 관리현황', NULL, 'Y'),
	(91, 300, '/admin/edit/content', 'editor', '컨텐츠 관리현황', NULL, 'Y'),
	(91, 400, '/admin/edit/content', 'editor', '컨텐츠 관리현황', NULL, 'Y'),
	(91, 998, '/admin/edit/content', 'editor', '컨텐츠 관리현황', NULL, 'Y'),
	(91, 999, '/admin/edit/content', 'editor', '컨텐츠 관리현황', NULL, 'Y'),
	(92, 11, '/admin/edit/client', 'editor', '고객사 관리현황', NULL, 'Y'),
	(92, 99, '/admin/edit/client', 'editor', '고객사 관리현황', NULL, 'Y'),
	(92, 100, '/admin/edit/client', 'editor', '고객사 관리현황', NULL, 'Y'),
	(92, 200, '/admin/edit/client', 'editor', '고객사 관리현황', NULL, 'Y'),
	(92, 300, '/admin/edit/client', 'editor', '고객사 관리현황', NULL, 'Y'),
	(92, 400, '/admin/edit/client', 'editor', '고객사 관리현황', NULL, 'Y'),
	(92, 998, '/admin/edit/client', 'editor', '고객사 관리현황', NULL, 'Y'),
	(92, 999, '/admin/edit/client', 'editor', '고객사 관리현황', NULL, 'Y'),
	(93, 11, '/admin/edit/bill', 'editor', '청구서양식 관리현황', NULL, 'Y'),
	(93, 99, '/admin/edit/bill', 'editor', '청구서양식 관리현황', NULL, 'Y'),
	(93, 100, '/admin/edit/bill', 'editor', '청구서양식 관리현황', NULL, 'Y'),
	(93, 200, '/admin/edit/bill', 'editor', '청구서양식 관리현황', NULL, 'Y'),
	(93, 300, '/admin/edit/bill', 'editor', '청구서양식 관리현황', NULL, 'Y'),
	(93, 400, '/admin/edit/bill', 'editor', '청구서양식 관리현황', NULL, 'Y'),
	(93, 998, '/admin/edit/bill', 'editor', '청구서양식 관리현황', NULL, 'Y'),
	(93, 999, '/admin/edit/bill', 'editor', '청구서양식 관리현황', NULL, 'Y'),
	(321, 11, '/client/setting/user/userList', '설정', '멤버 관리', '관리 현황', 'Y'),
	(321, 99, '/client/setting/user/userList', '설정', '멤버 관리', '관리 현황', 'Y'),
	(321, 100, '/client/setting/user/userList', '설정', '멤버 관리', '관리 현황', 'Y'),
	(321, 200, '/client/setting/user/userList', '설정', '멤버 관리', '관리 현황', 'Y'),
	(321, 300, '/client/setting/user/userList', '설정', '멤버 관리', '관리 현황', 'Y'),
	(321, 400, '/client/setting/user/userList', '설정', '멤버 관리', '관리 현황', 'Y'),
	(321, 998, '/client/setting/user/userList', '설정', '멤버 관리', '관리 현황', 'Y'),
	(321, 999, '/client/setting/user/userList', '설정', '멤버 관리', '관리 현황', 'Y'),
	(322, 11, '/client/setting/user/userInsert', '설정', '멤버 관리', '계정 생성', 'Y'),
	(322, 99, '/client/setting/user/userInsert', '설정', '멤버 관리', '계정 생성', 'Y'),
	(322, 100, '/client/setting/user/userInsert', '설정', '멤버 관리', '계정 생성', 'Y'),
	(322, 200, '/client/setting/user/userInsert', '설정', '멤버 관리', '계정 생성', 'Y'),
	(322, 300, '/client/setting/user/userInsert', '설정', '멤버 관리', '계정 생성', 'Y'),
	(322, 400, '/client/setting/user/userInsert', '설정', '멤버 관리', '계정 생성', 'Y'),
	(322, 998, '/client/setting/user/userInsert', '설정', '멤버 관리', '계정 생성', 'Y'),
	(322, 999, '/client/setting/user/userInsert', '설정', '멤버 관리', '계정 생성', 'Y'),
	(431, 11, '/admin/client/charge/list', '고객관리', '고객 과금', '관리 현황', 'Y'),
	(431, 99, '/admin/client/charge/list', '고객관리', '고객 과금', '관리 현황', 'Y'),
	(431, 100, '/admin/client/charge/list', '고객관리', '고객 과금', '관리 현황', 'Y'),
	(431, 200, '/admin/client/charge/list', '고객관리', '고객 과금', '관리 현황', 'Y'),
	(431, 300, '/admin/client/charge/list', '고객관리', '고객 과금', '관리 현황', 'Y'),
	(431, 400, '/admin/client/charge/list', '고객관리', '고객 과금', '관리 현황', 'Y'),
	(431, 998, '/admin/client/charge/list', '고객관리', '고객 과금', '관리 현황', 'Y'),
	(431, 999, '/admin/client/charge/list', '고객관리', '고객 과금', '관리 현황', 'Y'),
	(432, 11, '/admin/client/charge/send', '고객관리', '고객 과금', '수동청구서 발송', 'Y'),
	(432, 99, '/admin/client/charge/send', '고객관리', '고객 과금', '수동청구서 발송', 'Y'),
	(432, 100, '/admin/client/charge/send', '고객관리', '고객 과금', '수동청구서 발송', 'Y'),
	(432, 200, '/admin/client/charge/send', '고객관리', '고객 과금', '수동청구서 발송', 'Y'),
	(432, 300, '/admin/client/charge/send', '고객관리', '고객 과금', '수동청구서 발송', 'Y'),
	(432, 400, '/admin/client/charge/send', '고객관리', '고객 과금', '수동청구서 발송', 'Y'),
	(432, 998, '/admin/client/charge/send', '고객관리', '고객 과금', '수동청구서 발송', 'Y'),
	(432, 999, '/admin/client/charge/send', '고객관리', '고객 과금', '수동청구서 발송', 'Y'),
	(511, 11, '/admin/support/notice/list', '고객지원 관리', '공지사항 관리', '관리 현황', 'Y'),
	(511, 99, '/admin/support/notice/list', '고객지원 관리', '공지사항 관리', '관리 현황', 'Y'),
	(511, 100, '/admin/support/notice/list', '고객지원 관리', '공지사항 관리', '관리 현황', 'Y'),
	(511, 200, '/admin/support/notice/list', '고객지원 관리', '공지사항 관리', '관리 현황', 'Y'),
	(511, 300, '/admin/support/notice/list', '고객지원 관리', '공지사항 관리', '관리 현황', 'Y'),
	(511, 400, '/admin/support/notice/list', '고객지원 관리', '공지사항 관리', '관리 현황', 'Y'),
	(511, 998, '/admin/support/notice/list', '고객지원 관리', '공지사항 관리', '관리 현황', 'Y'),
	(511, 999, '/admin/support/notice/list', '고객지원 관리', '공지사항 관리', '관리 현황', 'Y'),
	(512, 11, '/admin/support/notice/register', '고객지원 관리', '공지사항 관리', '작성', 'Y'),
	(512, 99, '/admin/support/notice/register', '고객지원 관리', '공지사항 관리', '작성', 'Y'),
	(512, 100, '/admin/support/notice/register', '고객지원 관리', '공지사항 관리', '작성', 'Y'),
	(512, 200, '/admin/support/notice/register', '고객지원 관리', '공지사항 관리', '작성', 'Y'),
	(512, 300, '/admin/support/notice/register', '고객지원 관리', '공지사항 관리', '작성', 'Y'),
	(512, 400, '/admin/support/notice/register', '고객지원 관리', '공지사항 관리', '작성', 'Y'),
	(512, 998, '/admin/support/notice/register', '고객지원 관리', '공지사항 관리', '작성', 'Y'),
	(512, 999, '/admin/support/notice/register', '고객지원 관리', '공지사항 관리', '작성', 'Y'),
	(521, 11, '/admin/support/request/list', '고객지원 관리', '문의 관리', '관리 현황', 'Y'),
	(521, 99, '/admin/support/request/list', '고객지원 관리', '문의 관리', '관리 현황', 'Y'),
	(521, 100, '/admin/support/request/list', '고객지원 관리', '문의 관리', '관리 현황', 'Y'),
	(521, 200, '/admin/support/request/list', '고객지원 관리', '문의 관리', '관리 현황', 'Y'),
	(521, 300, '/admin/support/request/list', '고객지원 관리', '문의 관리', '관리 현황', 'Y'),
	(521, 400, '/admin/support/request/list', '고객지원 관리', '문의 관리', '관리 현황', 'Y'),
	(521, 998, '/admin/support/request/list', '고객지원 관리', '문의 관리', '관리 현황', 'Y'),
	(521, 999, '/admin/support/request/list', '고객지원 관리', '문의 관리', '관리 현황', 'Y'),
	(522, 11, '/admin/support/request/register', '고객지원 관리', '문의 관리', '수동등록', 'Y'),
	(522, 99, '/admin/support/request/register', '고객지원 관리', '문의 관리', '수동등록', 'Y'),
	(522, 100, '/admin/support/request/register', '고객지원 관리', '문의 관리', '수동등록', 'Y'),
	(522, 200, '/admin/support/request/register', '고객지원 관리', '문의 관리', '수동등록', 'Y'),
	(522, 300, '/admin/support/request/register', '고객지원 관리', '문의 관리', '수동등록', 'Y'),
	(522, 400, '/admin/support/request/register', '고객지원 관리', '문의 관리', '수동등록', 'Y'),
	(522, 998, '/admin/support/request/register', '고객지원 관리', '문의 관리', '수동등록', 'Y'),
	(522, 999, '/admin/support/request/register', '고객지원 관리', '문의 관리', '수동등록', 'Y'),
	(531, 11, '/admin/support/faq/list', '고객지원 관리', 'FAQ 관리', '관리 현황', 'Y'),
	(531, 99, '/admin/support/faq/list', '고객지원 관리', 'FAQ 관리', '관리 현황', 'Y'),
	(531, 100, '/admin/support/faq/list', '고객지원 관리', 'FAQ 관리', '관리 현황', 'Y'),
	(531, 200, '/admin/support/faq/list', '고객지원 관리', 'FAQ 관리', '관리 현황', 'Y'),
	(531, 300, '/admin/support/faq/list', '고객지원 관리', 'FAQ 관리', '관리 현황', 'Y'),
	(531, 400, '/admin/support/faq/list', '고객지원 관리', 'FAQ 관리', '관리 현황', 'Y'),
	(531, 998, '/admin/support/faq/list', '고객지원 관리', 'FAQ 관리', '관리 현황', 'Y'),
	(531, 999, '/admin/support/faq/list', '고객지원 관리', 'FAQ 관리', '관리 현황', 'Y'),
	(532, 11, '/admin/support/faq/register', '고객지원 관리', 'FAQ 관리', '작성', 'Y'),
	(532, 99, '/admin/support/faq/register', '고객지원 관리', 'FAQ 관리', '작성', 'Y'),
	(532, 100, '/admin/support/faq/register', '고객지원 관리', 'FAQ 관리', '작성', 'Y'),
	(532, 200, '/admin/support/faq/register', '고객지원 관리', 'FAQ 관리', '작성', 'Y'),
	(532, 300, '/admin/support/faq/register', '고객지원 관리', 'FAQ 관리', '작성', 'Y'),
	(532, 400, '/admin/support/faq/register', '고객지원 관리', 'FAQ 관리', '작성', 'Y'),
	(532, 998, '/admin/support/faq/register', '고객지원 관리', 'FAQ 관리', '작성', 'Y'),
	(532, 999, '/admin/support/faq/register', '고객지원 관리', 'FAQ 관리', '작성', 'Y');
/*!40000 ALTER TABLE `auth_info2` ENABLE KEYS */;

-- 테이블 cloud_24_365.company_info 구조 내보내기
CREATE TABLE IF NOT EXISTS `company_info` (
  `COMPANY_ID` varchar(4) NOT NULL COMMENT '회사 ID',
  `BR_NUMBER` varchar(50) DEFAULT NULL COMMENT '사업자등록번호',
  `COMPANY_NAME` varchar(50) DEFAULT NULL COMMENT '회사명',
  `RP_NAME` varchar(20) DEFAULT NULL COMMENT '대표자명',
  `BR_ADDRESS` varchar(200) DEFAULT NULL COMMENT '사업자등록주소',
  `BILLER_PHONE` varchar(20) DEFAULT NULL COMMENT '세금계산서(청구서) 담당자 연락처',
  `BILLER_EMAIL` varchar(50) DEFAULT NULL COMMENT '세금계산서(청구서) 이메일',
  `RP_PHONE` varchar(20) DEFAULT NULL COMMENT '대표 유선번호',
  `MANAGER_ID` varchar(10) DEFAULT NULL COMMENT '계정관리자 ID',
  `MANAGER_NAME` varchar(20) DEFAULT NULL COMMENT '담당자명',
  `MANAGER_EMAIL` varchar(50) DEFAULT NULL COMMENT '담당자 이메일',
  `MANAGER_DEPT` varchar(20) DEFAULT NULL COMMENT '담당부서',
  `MANAGER_RANK` varchar(10) DEFAULT NULL COMMENT '담당자 직급',
  `MANAGER_PHONE` varchar(20) DEFAULT NULL COMMENT '담당자 연락처',
  `COMPANY_ADDRESS` varchar(200) DEFAULT NULL COMMENT '서비스 사업장 주소',
  `MSP_NHN` varchar(50) DEFAULT 'N' COMMENT 'MSP NHN CLOUD 선택여부',
  `MSP_NAVER` varchar(50) DEFAULT 'N' COMMENT 'MSP NAVER CLOUD 선택여부',
  `MSP_KT` varchar(50) DEFAULT 'N' COMMENT 'MSP KT CLOUD 선택여부',
  `MSP_AWS` varchar(50) DEFAULT 'N' COMMENT 'MSP AWS CLOUD 선택여부',
  `MSP_RESALE` varchar(50) DEFAULT 'N' COMMENT 'MSP RESALE CLOUD 선택여부',
  `IAAS_NHN` varchar(50) DEFAULT 'N' COMMENT 'IAAS NHN CLOUD 선택여부',
  `IAAS_NAVER` varchar(50) DEFAULT 'N' COMMENT 'IAAS NAVER CLOUD 선택여부',
  `IAAS_KT` varchar(50) DEFAULT 'N' COMMENT 'IAAS KT CLOUD 선택여부',
  `IAAS_AWS` varchar(50) DEFAULT 'N' COMMENT 'IAAS AWS CLOUD 선택여부',
  `SDR_NHN` varchar(50) DEFAULT 'N' COMMENT 'SERVICE dataDR NHN CLOUD 선택여부',
  `SDR_NAVER` varchar(50) DEFAULT 'N' COMMENT 'SERVICE dataDR NAVER CLOUD 선택여부',
  `SDR_KT` varchar(50) DEFAULT 'N' COMMENT 'SERVICE dataDR KT CLOUD 선택여부',
  `MSPB_LITE` int(11) DEFAULT 0 COMMENT 'MSP LITE 요금제',
  `MSPB_STANDARD` int(11) DEFAULT 0 COMMENT 'MSP STANDARD 요금제',
  `MSPB_PREMIUM` int(11) DEFAULT 0 COMMENT 'MSP PREMIUM 요금제',
  `CONTRACT_STDT` date DEFAULT current_timestamp() COMMENT '게약일',
  `CONTRACT_EDT` date DEFAULT current_timestamp() COMMENT '계약종료일',
  `BILL_DT` date DEFAULT current_timestamp() COMMENT '과금 시작일',
  `BILL_RFDT` date DEFAULT current_timestamp() COMMENT '청구기준일',
  `TAX_DT` date DEFAULT current_timestamp() COMMENT '세금계산서 발행일',
  `RES_SALES` varchar(50) DEFAULT NULL COMMENT '담당 영업',
  `RES_MANAGER` varchar(50) DEFAULT NULL COMMENT '담당 매니저',
  `CONTRACT` varchar(200) DEFAULT NULL COMMENT '계약서',
  `EVIDENCE` varchar(200) DEFAULT NULL COMMENT '증빙 자료',
  `COM_DIV` varchar(200) DEFAULT NULL COMMENT '고객사 구분(0 : 민간, 1 : 공공)',
  `ENROLL_ID` varchar(200) DEFAULT NULL COMMENT '등록자 ID',
  `ENROLL_NAME` varchar(200) DEFAULT NULL COMMENT '등록자명',
  PRIMARY KEY (`COMPANY_ID`) USING BTREE
) ENGINE=InnoDB DEFAULT CHARSET=utf8 COMMENT='고객(회사) 정보';

-- 테이블 데이터 cloud_24_365.company_info:~6 rows (대략적) 내보내기
DELETE FROM `company_info`;
/*!40000 ALTER TABLE `company_info` DISABLE KEYS */;
INSERT INTO `company_info` (`COMPANY_ID`, `BR_NUMBER`, `COMPANY_NAME`, `RP_NAME`, `BR_ADDRESS`, `BILLER_PHONE`, `BILLER_EMAIL`, `RP_PHONE`, `MANAGER_ID`, `MANAGER_NAME`, `MANAGER_EMAIL`, `MANAGER_DEPT`, `MANAGER_RANK`, `MANAGER_PHONE`, `COMPANY_ADDRESS`, `MSP_NHN`, `MSP_NAVER`, `MSP_KT`, `MSP_AWS`, `MSP_RESALE`, `IAAS_NHN`, `IAAS_NAVER`, `IAAS_KT`, `IAAS_AWS`, `SDR_NHN`, `SDR_NAVER`, `SDR_KT`, `MSPB_LITE`, `MSPB_STANDARD`, `MSPB_PREMIUM`, `CONTRACT_STDT`, `CONTRACT_EDT`, `BILL_DT`, `BILL_RFDT`, `TAX_DT`, `RES_SALES`, `RES_MANAGER`, `CONTRACT`, `EVIDENCE`, `COM_DIV`, `ENROLL_ID`, `ENROLL_NAME`) VALUES
	('0000', '129-81-42746', '하이브시스템', '박정실', '경기도 성남시 수정구 금토로80번길 11, (금토동) 판교이노베이션랩 지식산업센터 1110호', '11', '11', '1111', '11', '11', '1111', '123', '', '12311', '경기도 성남시 수정구 금토로80번길 11, (금토동) 판교이노베이션랩 지식산업센터 1110호', 'Y', 'Y', 'N', 'N', 'N', 'Y', 'N', 'Y', 'N', 'N', 'N', 'N', 0, 0, 0, '2023-08-26', '2023-08-26', '2023-08-26', '2023-08-26', '2023-08-26', '', '', '', '', '0', NULL, NULL),
	('0002', NULL, 'ㄴㅁㅇㄻ', NULL, NULL, NULL, 'admin1,대표 계정관리자1 (admin)', NULL, NULL, NULL, NULL, NULL, NULL, NULL, NULL, 'N', 'N', 'N', 'N', 'N', 'N', 'N', 'N', 'N', 'N', 'N', 'N', 0, 0, 0, '2023-08-27', '2023-08-27', '2023-08-27', '2023-08-27', '2023-08-27', '', '', '', '', '0', NULL, NULL),
	('0006', NULL, 'TTTTTTTT', NULL, NULL, NULL, NULL, NULL, NULL, NULL, NULL, NULL, NULL, NULL, NULL, 'Y', 'Y', 'Y', 'N', 'N', 'N', 'N', 'N', 'N', 'N', 'N', 'N', 0, 0, 0, '2023-08-28', '2023-08-28', '2023-08-28', '2023-08-28', '2023-08-28', '', '', '', '', '0', 'admin1', '대표 계정관리자1 (admin)'),
	('0007', NULL, 'sdafasdf', NULL, NULL, NULL, NULL, NULL, NULL, NULL, NULL, NULL, NULL, NULL, NULL, 'Y', 'N', 'N', 'N', 'N', 'N', 'Y', 'N', 'N', 'N', 'N', 'Y', 11, 22, 33, '2023-08-29', '2023-09-29', '2023-09-08', '2023-08-29', '2023-08-29', 'asdfas', 'sdafsdaf', 'ssdf', 'sdfas', '0', 'admin1', '대표 계정관리자1 (admin)'),
	('0008', NULL, 'sdfsdfsdfsd111', NULL, NULL, NULL, NULL, NULL, NULL, NULL, NULL, NULL, NULL, NULL, NULL, 'Y', 'N', 'N', 'N', 'N', 'Y', 'N', 'N', 'N', 'Y', 'N', 'N', 0, 0, 0, '2023-08-29', '2023-09-30', '2023-08-29', '2023-08-29', '2023-08-29', '', '', '', '', '0', 'admin1', '대표 계정관리자1 (admin)'),
	('0009', NULL, 'g543rgsad', NULL, NULL, NULL, NULL, NULL, NULL, NULL, NULL, NULL, NULL, NULL, NULL, 'N', 'N', 'N', 'N', 'N', 'N', 'N', 'N', 'N', 'N', 'N', 'N', 0, 0, 0, '2023-08-29', '2023-08-29', '2023-08-29', '2023-08-29', '2023-08-29', '', '', '', '', '0', 'admin1', '대표 계정관리자1 (admin)');
/*!40000 ALTER TABLE `company_info` ENABLE KEYS */;

-- 테이블 cloud_24_365.content_info 구조 내보내기
CREATE TABLE IF NOT EXISTS `content_info` (
  `DOCUMENT_ID` double(3,1) DEFAULT NULL,
  `TEXT_VAL` varchar(10000) DEFAULT NULL,
  `REG_DT` date DEFAULT NULL,
  `DOCUMENT_DIV` int(11) DEFAULT NULL COMMENT '0: 이용약관,1:개인정보보호'
) ENGINE=InnoDB DEFAULT CHARSET=utf8 COMMENT='이용약관,개인정보보회 내용 리스트 테이블';

-- 테이블 데이터 cloud_24_365.content_info:~3 rows (대략적) 내보내기
DELETE FROM `content_info`;
/*!40000 ALTER TABLE `content_info` DISABLE KEYS */;
INSERT INTO `content_info` (`DOCUMENT_ID`, `TEXT_VAL`, `REG_DT`, `DOCUMENT_DIV`) VALUES
	(1.0, '제 1 장 총 칙\n\n\n\n제 1 조 (목적)\n이 약관은 {COMPANY_NAME}(이하 "사이트"라 합니다)에서 제공하는 인터넷서비스(이하 "서비스"라 합니다)의 이용 조건 및 절차에 관한 기본적인 사항을 규정함을 목적으로 합니다.\n\n\n\n제 2 조 (약관의 효력 및 변경)\n① 이 약관은 서비스 화면이나 기타의 방법으로 이용고객에게 공지함으로써 효력을 발생합니다.\n② 사이트는 이 약관의 내용을 변경할 수 있으며, 변경된 약관은 제1항과 같은 방법으로 공지 또는 통지함으로써 효력을 발생합니다.\n\n\n\n제 3 조 (용어의 정의)\n이 약관에서 사용하는 용어의 정의는 다음과 같습니다.\n① 회원 : 사이트와 서비스 이용계약을 체결하거나 이용자 아이디(ID)를 부여받은 개인 또는 단체를 말합니다.\n② 신청자 : 회원가입을 신청하는 개인 또는 단체를 말합니다.\n③ 아이디(ID) : 회원의 식별과 서비스 이용을 위하여 회원이 정하고 사이트가 승인하는 문자와 숫자의 조합을 말합니다.\n④ 비밀번호 : 회원이 부여 받은 아이디(ID)와 일치된 회원임을 확인하고, 회원 자신의 비밀을 보호하기 위하여 회원이 정한 문자와 숫자의 조합을 말합니다.\n⑤ 해지 : 사이트 또는 회원이 서비스 이용계약을 취소하는 것을 말합니다.\n\n\n\n제 2 장 서비스 이용계약\n\n\n\n제 4 조 (이용계약의 성립)\n① 이용약관 하단의 동의 버튼을 누르면 이 약관에 동의하는 것으로 간주됩니다.\n② 이용계약은 서비스 이용희망자의 이용약관 동의 후 이용 신청에 대하여 사이트가 승낙함으로써 성립합니다.\n\n\n\n제 5 조 (이용신청)\n① 신청자가 본 서비스를 이용하기 위해서는 사이트 소정의 가입신청 양식에서 요구하는 이용자 정보를 기록하여 제출해야 합니다.\n② 가입신청 양식에 기재하는 모든 이용자 정보는 모두 실제 데이터인 것으로 간주됩니다. 실명이나 실제 정보를 입력하지 않은 사용자는 법적인 보호를 받을 수 없으며, 서비스의 제한을 받을 수 있습니다.\n\n\n\n제 6 조 (이용신청의 승낙)\n① 사이트는 신청자에 대하여 제2항, 제3항의 경우를 예외로 하여 서비스 이용신청을 승낙합니다.\n② 사이트는 다음에 해당하는 경우에 그 신청에 대한 승낙 제한사유가 해소될 때까지 승낙을 유보할 수 있습니다.\n가. 서비스 관련 설비에 여유가 없는 경우\n나. 기술상 지장이 있는 경우\n다. 기타 사이트가 필요하다고 인정되는 경우\n③ 사이트는 신청자가 다음에 해당하는 경우에는 승낙을 거부할 수 있습니다.\n가. 다른 개인(사이트)의 명의를 사용하여 신청한 경우\n나. 이용자 정보를 허위로 기재하여 신청한 경우\n다. 사회의 안녕질서 또는 미풍양속을 저해할 목적으로 신청한 경우\n라. 기타 사이트 소정의 이용신청요건을 충족하지 못하는 경우\n\n\n\n제 7 조 (이용자정보의 변경)\n회원은 이용 신청시에 기재했던 회원정보가 변경되었을 경우에는, 온라인으로 수정하여야 하며 변경하지 않음으로 인하여 발생되는 모든 문제의 책임은 회원에게 있습니다.\n\n\n\n제 3 장 계약 당사자의 의무\n\n\n\n제 8 조 (사이트의 의무)\n① 사이트는 회원에게 각 호의 서비스를 제공합니다.\n가. 신규서비스와 도메인 정보에 대한 뉴스레터 발송\n나. 추가 도메인 등록시 개인정보 자동 입력\n다. 도메인 등록, 관리를 위한 각종 부가서비스\n② 사이트는 서비스 제공과 관련하여 취득한 회원의 개인정보를 회원의 동의없이 타인에게 누설, 공개 또는 배포할 수 없으며, 서비스관련 업무 이외의 상업적 목적으로 사용할 수 없습니다. 단, 다음 각 호의 1에 해당하는 경우는 예외입니다.\n가. 전기통신기본법 등 법률의 규정에 의해 국가기관의 요구가 있는 경우\n나. 범죄에 대한 수사상의 목적이 있거나 정보통신윤리 위원회의 요청이 있는 경우\n다. 기타 관계법령에서 정한 절차에 따른 요청이 있는 경우\n③ 사이트는 이 약관에서 정한 바에 따라 지속적, 안정적으로 서비스를 제공할 의무가 있습니다.\n\n\n\n제 9 조 (회원의 의무)\n① 회원은 서비스 이용 시 다음 각 호의 행위를 하지 않아야 합니다.\n가. 다른 회원의 ID를 부정하게 사용하는 행위\n나. 서비스에서 얻은 정보를 사이트의 사전승낙 없이 회원의 이용 이외의 목적으로 복제하거나 이를 변경, 출판 및 방송 등에 사용하거나 타인에게 제공하는 행위\n다. 사이트의 저작권, 타인의 저작권 등 기타 권리를 침해하는 행위\n라. 공공질서 및 미풍양속에 위반되는 내용의 정보, 문장, 도형 등을 타인에게 유포하는 행위\n마. 범죄와 결부된다고 객관적으로 판단되는 행위\n바. 기타 관계법령에 위배되는 행위\n② 회원은 관계법령, 이 약관에서 규정하는 사항, 서비스 이용 안내 및 주의 사항을 준수하여야 합니다.\n③ 회원은 내용별로 사이트가 서비스 공지사항에 게시하거나 별도로 공지한 이용 제한 사항을 준수하여야 합니다.\n\n\n\n제 4 장 서비스 제공 및 이용\n\n\n\n제 10 조 (회원 아이디(ID)와 비밀번호 관리에 대한 회원의 의무)\n① 아이디(ID)와 비밀번호에 대한 모든 관리는 회원에게 책임이 있습니다. 회원에게 부여된 아이디(ID)와 비밀번호의 관리소홀, 부정사용에 의하여 발생하는 모든 결과에 대한 전적인 책임은 회원에게 있습니다.\n② 자신의 아이디(ID)가 부정하게 사용된 경우 또는 기타 보안 위반에 대하여, 회원은 반드시 사이트에 그 사실을 통보해야 합니다.\n\n\n\n제 11 조 (서비스 제한 및 정지)\n① 사이트는 전시, 사변, 천재지변 또는 이에 준하는 국가비상사태가 발생하거나 발생할 우려가 있는 경우와 전기통신사업법에 의한 기간통신 사업자가 전기통신서비스를 중지하는 등 기타 불가항력적 사유가 있는 경우에는 서비스의 전부 또는 일부를 제한하거나 정지할 수 있습니다.\n② 사이트는 제1항의 규정에 의하여 서비스의 이용을 제한하거나 정지할 때에는 그 사유 및 제한기간 등을 지체없이 회원에게 알려야 합니다.\n\n\n\n제5장 계약사항의 변경, 해지\n\n\n\n제 12 조 (정보의 변경)\n회원이 주소, 비밀번호 등 고객정보를 변경하고자 하는 경우에는 홈페이지의 회원정보 변경 서비스를 이용하여 변경할 수 있습니다.\n\n\n\n제 13 조 (계약사항의 해지)\n회원은 서비스 이용계약을 해지할 수 있으며, 해지할 경우에는 본인이 직접 서비스를 통하거나 전화 또는 온라인 등으로 사이트에 해지신청을 하여야 합니다. 사이트는 해지신청이 접수된 당일부터 해당 회원의 서비스 이용을 제한합니다. 사이트는 회원이 다음 각 항의 1에 해당하여 이용계약을 해지하고자 할 경우에는 해지조치 7일전까지 그 뜻을 이용고객에게 통지하여 소명할 기회를 주어야 합니다.\n① 이용고객이 이용제한 규정을 위반하거나 그 이용제한 기간 내에 제한 사유를 해소하지 않는 경우\n② 정보통신윤리위원회가 이용해지를 요구한 경우\n③ 이용고객이 정당한 사유 없이 의견진술에 응하지 아니한 경우\n④ 타인 명의로 신청을 하였거나 신청서 내용의 허위 기재 또는 허위서류를 첨부하여 이용계약을 체결한 경우\n사이트는 상기 규정에 의하여 해지된 이용고객에 대해서는 별도로 정한 기간동안 가입을 제한할 수 있습니다.\n\n\n\n제6장 손해배상\n\n\n\n제 14 조 (면책조항)\n① 사이트는 회원이 서비스 제공으로부터 기대되는 이익을 얻지 못하였거나 서비스 자료에 대한 취사선택 또는 이용으로 발생하는 손해 등에 대해서는 책임이 면제됩니다.\n② 사이트는 회원의 귀책사유나 제3자의 고의로 인하여 서비스에 장애가 발생하거나 회원의 데이터가 훼손된 경우에 책임이 면제됩니다.\n③ 사이트는 회원이 게시 또는 전송한 자료의 내용에 대해서는 책임이 면제됩니다.\n④ 상표권이 있는 도메인의 경우, 이로 인해 발생할 수도 있는 손해나 배상에 대한 책임은 구매한 회원 당사자에게 있으며, 사이트는 이에 대한 일체의 책임을 지지 않습니다.\n\n\n\n제 15 조 (관할법원)\n\n\n\n서비스와 관련하여 사이트와 회원간에 분쟁이 발생할 경우 사이트의 본사 소재지를 관할하는 법원을 관할법원으로 합니다.\n', '2023-08-29', 0),
	(1.1, '		제 1 장 총 칙\n\n\n\n제 1 조 (목적)\n이 약관은 {COMPANY_NAME}(이하 "사이트"라 합니다)에서 제공하는 인터넷서비스(이하 "서비스"라 합니다)의 이용 조건 및 절차에 관한 기본적인 사항을 규정함을 목적으로 합니다.\n\n\n\n제 2 조 (약관의 효력 및 변경)\n① 이 약관은 서비스 화면이나 기타의 방법으로 이용고객에게 공지함으로써 효력을 발생합니다.\n② 사이트는 이 약관의 내용을 변경할 수 있으며, 변경된 약관은 제1항과 같은 방법으로 공지 또는 통지함으로써 효력을 발생합니다.\n\n\n\n제 3 조 (용어의 정의)\n이 약관에서 사용하는 용어의 정의는 다음과 같습니다.\n① 회원 : 사이트와 서비스 이용계약을 체결하거나 이용자 아이디(ID)를 부여받은 개인 또는 단체를 말합니다.\n② 신청자 : 회원가입을 신청하는 개인 또는 단체를 말합니다.\n③ 아이디(ID) : 회원의 식별과 서비스 이용을 위하여 회원이 정하고 사이트가 승인하는 문자와 숫자의 조합을 말합니다.\n④ 비밀번호 : 회원이 부여 받은 아이디(ID)와 일치된 회원임을 확인하고, 회원 자신의 비밀을 보호하기 위하여 회원이 정한 문자와 숫자의 조합을 말합니다.\n⑤ 해지 : 사이트 또는 회원이 서비스 이용계약을 취소하는 것을 말합니다.\n\n\n\n제 2 장 서비스 이용계약\n\n\n\n제 4 조 (이용계약의 성립)\n① 이용약관 하단의 동의 버튼을 누르면 이 약관에 동의하는 것으로 간주됩니다.\n② 이용계약은 서비스 이용희망자의 이용약관 동의 후 이용 신청에 대하여 사이트가 승낙함으로써 성립합니다.\n\n\n\n제 5 조 (이용신청)\n① 신청자가 본 서비스를 이용하기 위해서는 사이트 소정의 가입신청 양식에서 요구하는 이용자 정보를 기록하여 제출해야 합니다.\n② 가입신청 양식에 기재하는 모든 이용자 정보는 모두 실제 데이터인 것으로 간주됩니다. 실명이나 실제 정보를 입력하지 않은 사용자는 법적인 보호를 받을 수 없으며, 서비스의 제한을 받을 수 있습니다.\n\n\n\n제 6 조 (이용신청의 승낙)\n① 사이트는 신청자에 대하여 제2항, 제3항의 경우를 예외로 하여 서비스 이용신청을 승낙합니다.\n② 사이트는 다음에 해당하는 경우에 그 신청에 대한 승낙 제한사유가 해소될 때까지 승낙을 유보할 수 있습니다.\n가. 서비스 관련 설비에 여유가 없는 경우\n나. 기술상 지장이 있는 경우\n다. 기타 사이트가 필요하다고 인정되는 경우\n③ 사이트는 신청자가 다음에 해당하는 경우에는 승낙을 거부할 수 있습니다.\n가. 다른 개인(사이트)의 명의를 사용하여 신청한 경우\n나. 이용자 정보를 허위로 기재하여 신청한 경우\n다. 사회의 안녕질서 또는 미풍양속을 저해할 목적으로 신청한 경우\n라. 기타 사이트 소정의 이용신청요건을 충족하지 못하는 경우\n\n\n\n제 7 조 (이용자정보의 변경)\n회원은 이용 신청시에 기재했던 회원정보가 변경되었을 경우에는, 온라인으로 수정하여야 하며 변경하지 않음으로 인하여 발생되는 모든 문제의 책임은 회원에게 있습니다.\n\n\n\n제 3 장 계약 당사자의 의무\n\n\n\n제 8 조 (사이트의 의무)\n① 사이트는 회원에게 각 호의 서비스를 제공합니다.\n가. 신규서비스와 도메인 정보에 대한 뉴스레터 발송\n나. 추가 도메인 등록시 개인정보 자동 입력\n다. 도메인 등록, 관리를 위한 각종 부가서비스\n② 사이트는 서비스 제공과 관련하여 취득한 회원의 개인정보를 회원의 동의없이 타인에게 누설, 공개 또는 배포할 수 없으며, 서비스관련 업무 이외의 상업적 목적으로 사용할 수 없습니다. 단, 다음 각 호의 1에 해당하는 경우는 예외입니다.\n가. 전기통신기본법 등 법률의 규정에 의해 국가기관의 요구가 있는 경우\n나. 범죄에 대한 수사상의 목적이 있거나 정보통신윤리 위원회의 요청이 있는 경우\n다. 기타 관계법령에서 정한 절차에 따른 요청이 있는 경우\n③ 사이트는 이 약관에서 정한 바에 따라 지속적, 안정적으로 서비스를 제공할 의무가 있습니다.\n\n\n\n제 9 조 (회원의 의무)\n① 회원은 서비스 이용 시 다음 각 호의 행위를 하지 않아야 합니다.\n가. 다른 회원의 ID를 부정하게 사용하는 행위\n나. 서비스에서 얻은 정보를 사이트의 사전승낙 없이 회원의 이용 이외의 목적으로 복제하거나 이를 변경, 출판 및 방송 등에 사용하거나 타인에게 제공하는 행위\n다. 사이트의 저작권, 타인의 저작권 등 기타 권리를 침해하는 행위\n라. 공공질서 및 미풍양속에 위반되는 내용의 정보, 문장, 도형 등을 타인에게 유포하는 행위\n마. 범죄와 결부된다고 객관적으로 판단되는 행위\n바. 기타 관계법령에 위배되는 행위\n② 회원은 관계법령, 이 약관에서 규정하는 사항, 서비스 이용 안내 및 주의 사항을 준수하여야 합니다.\n③ 회원은 내용별로 사이트가 서비스 공지사항에 게시하거나 별도로 공지한 이용 제한 사항을 준수하여야 합니다.\n\n\n\n제 4 장 서비스 제공 및 이용\n\n\n\n제 10 조 (회원 아이디(ID)와 비밀번호 관리에 대한 회원의 의무)\n① 아이디(ID)와 비밀번호에 대한 모든 관리는 회원에게 책임이 있습니다. 회원에게 부여된 아이디(ID)와 비밀번호의 관리소홀, 부정사용에 의하여 발생하는 모든 결과에 대한 전적인 책임은 회원에게 있습니다.\n② 자신의 아이디(ID)가 부정하게 사용된 경우 또는 기타 보안 위반에 대하여, 회원은 반드시 사이트에 그 사실을 통보해야 합니다.\n\n\n\n제 11 조 (서비스 제한 및 정지)\n① 사이트는 전시, 사변, 천재지변 또는 이에 준하는 국가비상사태가 발생하거나 발생할 우려가 있는 경우와 전기통신사업법에 의한 기간통신 사업자가 전기통신서비스를 중지하는 등 기타 불가항력적 사유가 있는 경우에는 서비스의 전부 또는 일부를 제한하거나 정지할 수 있습니다.\n② 사이트는 제1항의 규정에 의하여 서비스의 이용을 제한하거나 정지할 때에는 그 사유 및 제한기간 등을 지체없이 회원에게 알려야 합니다.\n\n\n\n제5장 계약사항의 변경, 해지\n\n\n\n제 12 조 (정보의 변경)\n회원이 주소, 비밀번호 등 고객정보를 변경하고자 하는 경우에는 홈페이지의 회원정보 변경 서비스를 이용하여 변경할 수 있습니다.\n\n\n\n제 13 조 (계약사항의 해지)\n회원은 서비스 이용계약을 해지할 수 있으며, 해지할 경우에는 본인이 직접 서비스를 통하거나 전화 또는 온라인 등으로 사이트에 해지신청을 하여야 합니다. 사이트는 해지신청이 접수된 당일부터 해당 회원의 서비스 이용을 제한합니다. 사이트는 회원이 다음 각 항의 1에 해당하여 이용계약을 해지하고자 할 경우에는 해지조치 7일전까지 그 뜻을 이용고객에게 통지하여 소명할 기회를 주어야 합니다.\n① 이용고객이 이용제한 규정을 위반하거나 그 이용제한 기간 내에 제한 사유를 해소하지 않는 경우\n② 정보통신윤리위원회가 이용해지를 요구한 경우\n③ 이용고객이 정당한 사유 없이 의견진술에 응하지 아니한 경우\n④ 타인 명의로 신청을 하였거나 신청서 내용의 허위 기재 또는 허위서류를 첨부하여 이용계약을 체결한 경우\n사이트는 상기 규정에 의하여 해지된 이용고객에 대해서는 별도로 정한 기간동안 가입을 제한할 수 있습니다.\n\n\n\n제6장 손해배상\n\n\n\n제 14 조 (면책조항)\n① 사이트는 회원이 서비스 제공으로부터 기대되는 이익을 얻지 못하였거나 서비스 자료에 대한 취사선택 또는 이용으로 발생하는 손해 등에 대해서는 책임이 면제됩니다.\n② 사이트는 회원의 귀책사유나 제3자의 고의로 인하여 서비스에 장애가 발생하거나 회원의 데이터가 훼손된 경우에 책임이 면제됩니다.\n③ 사이트는 회원이 게시 또는 전송한 자료의 내용에 대해서는 책임이 면제됩니다.\n④ 상표권이 있는 도메인의 경우, 이로 인해 발생할 수도 있는 손해나 배상에 대한 책임은 구매한 회원 당사자에게 있으며, 사이트는 이에 대한 일체의 책임을 지지 않습니다.\n\n\n\n제 15 조 (관할법원)\n\n\n\n서비스와 관련하여 사이트와 회원간에 분쟁이 발생할 경우 사이트의 본사 소재지를 관할하는 법원을 관할법원으로 합니다.\n\n				', '2023-08-31', 0),
	(1.2, '					제 1 장 총 칙\n\n\n\n제 1 조 (목적)\n이 약관은 {COMPANY_NAME}(이하 "사이트"라 합니다)에서 제공하는 인터넷서비스(이하 "서비스"라 합니다)의 이용 조건 및 절차에 관한 기본적인 사항을 규정함을 목적으로 합니다.\n\n\n\n제 2 조 (약관의 효력 및 변경)\n① 이 약관은 서비스 화면이나 기타의 방법으로 이용고객에게 공지함으로써 효력을 발생합니다.\n② 사이트는 이 약관의 내용을 변경할 수 있으며, 변경된 약관은 제1항과 같은 방법으로 공지 또는 통지함으로써 효력을 발생합니다.\n\n\n\n제 3 조 (용어의 정의)\n이 약관에서 사용하는 용어의 정의는 다음과 같습니다.\n① 회원 : 사이트와 서비스 이용계약을 체결하거나 이용자 아이디(ID)를 부여받은 개인 또는 단체를 말합니다.\n② 신청자 : 회원가입을 신청하는 개인 또는 단체를 말합니다.\n③ 아이디(ID) : 회원의 식별과 서비스 이용을 위하여 회원이 정하고 사이트가 승인하는 문자와 숫자의 조합을 말합니다.\n④ 비밀번호 : 회원이 부여 받은 아이디(ID)와 일치된 회원임을 확인하고, 회원 자신의 비밀을 보호하기 위하여 회원이 정한 문자와 숫자의 조합을 말합니다.\n⑤ 해지 : 사이트 또는 회원이 서비스 이용계약을 취소하는 것을 말합니다.\n\n\n\n제 2 장 서비스 이용계약\n\n\n\n제 4 조 (이용계약의 성립)\n① 이용약관 하단의 동의 버튼을 누르면 이 약관에 동의하는 것으로 간주됩니다.\n② 이용계약은 서비스 이용희망자의 이용약관 동의 후 이용 신청에 대하여 사이트가 승낙함으로써 성립합니다.\n\n\n\n제 5 조 (이용신청)\n① 신청자가 본 서비스를 이용하기 위해서는 사이트 소정의 가입신청 양식에서 요구하는 이용자 정보를 기록하여 제출해야 합니다.\n② 가입신청 양식에 기재하는 모든 이용자 정보는 모두 실제 데이터인 것으로 간주됩니다. 실명이나 실제 정보를 입력하지 않은 사용자는 법적인 보호를 받을 수 없으며, 서비스의 제한을 받을 수 있습니다.\n\n\n\n제 6 조 (이용신청의 승낙)\n① 사이트는 신청자에 대하여 제2항, 제3항의 경우를 예외로 하여 서비스 이용신청을 승낙합니다.\n② 사이트는 다음에 해당하는 경우에 그 신청에 대한 승낙 제한사유가 해소될 때까지 승낙을 유보할 수 있습니다.\n가. 서비스 관련 설비에 여유가 없는 경우\n나. 기술상 지장이 있는 경우\n다. 기타 사이트가 필요하다고 인정되는 경우\n③ 사이트는 신청자가 다음에 해당하는 경우에는 승낙을 거부할 수 있습니다.\n가. 다른 개인(사이트)의 명의를 사용하여 신청한 경우\n나. 이용자 정보를 허위로 기재하여 신청한 경우\n다. 사회의 안녕질서 또는 미풍양속을 저해할 목적으로 신청한 경우\n라. 기타 사이트 소정의 이용신청요건을 충족하지 못하는 경우\n\n\n\n제 7 조 (이용자정보의 변경)\n회원은 이용 신청시에 기재했던 회원정보가 변경되었을 경우에는, 온라인으로 수정하여야 하며 변경하지 않음으로 인하여 발생되는 모든 문제의 책임은 회원에게 있습니다.\n\n\n\n제 3 장 계약 당사자의 의무\n\n\n\n제 8 조 (사이트의 의무)\n① 사이트는 회원에게 각 호의 서비스를 제공합니다.\n가. 신규서비스와 도메인 정보에 대한 뉴스레터 발송\n나. 추가 도메인 등록시 개인정보 자동 입력\n다. 도메인 등록, 관리를 위한 각종 부가서비스\n② 사이트는 서비스 제공과 관련하여 취득한 회원의 개인정보를 회원의 동의없이 타인에게 누설, 공개 또는 배포할 수 없으며, 서비스관련 업무 이외의 상업적 목적으로 사용할 수 없습니다. 단, 다음 각 호의 1에 해당하는 경우는 예외입니다.\n가. 전기통신기본법 등 법률의 규정에 의해 국가기관의 요구가 있는 경우\n나. 범죄에 대한 수사상의 목적이 있거나 정보통신윤리 위원회의 요청이 있는 경우\n다. 기타 관계법령에서 정한 절차에 따른 요청이 있는 경우\n③ 사이트는 이 약관에서 정한 바에 따라 지속적, 안정적으로 서비스를 제공할 의무가 있습니다.\n\n\n\n제 9 조 (회원의 의무)\n① 회원은 서비스 이용 시 다음 각 호의 행위를 하지 않아야 합니다.\n가. 다른 회원의 ID를 부정하게 사용하는 행위\n나. 서비스에서 얻은 정보를 사이트의 사전승낙 없이 회원의 이용 이외의 목적으로 복제하거나 이를 변경, 출판 및 방송 등에 사용하거나 타인에게 제공하는 행위\n다. 사이트의 저작권, 타인의 저작권 등 기타 권리를 침해하는 행위\n라. 공공질서 및 미풍양속에 위반되는 내용의 정보, 문장, 도형 등을 타인에게 유포하는 행위\n마. 범죄와 결부된다고 객관적으로 판단되는 행위\n바. 기타 관계법령에 위배되는 행위\n② 회원은 관계법령, 이 약관에서 규정하는 사항, 서비스 이용 안내 및 주의 사항을 준수하여야 합니다.\n③ 회원은 내용별로 사이트가 서비스 공지사항에 게시하거나 별도로 공지한 이용 제한 사항을 준수하여야 합니다.\n\n\n\n제 4 장 서비스 제공 및 이용\n\n\n\n제 10 조 (회원 아이디(ID)와 비밀번호 관리에 대한 회원의 의무)\n① 아이디(ID)와 비밀번호에 대한 모든 관리는 회원에게 책임이 있습니다. 회원에게 부여된 아이디(ID)와 비밀번호의 관리소홀, 부정사용에 의하여 발생하는 모든 결과에 대한 전적인 책임은 회원에게 있습니다.\n② 자신의 아이디(ID)가 부정하게 사용된 경우 또는 기타 보안 위반에 대하여, 회원은 반드시 사이트에 그 사실을 통보해야 합니다.\n\n\n\n제 11 조 (서비스 제한 및 정지)\n① 사이트는 전시, 사변, 천재지변 또는 이에 준하는 국가비상사태가 발생하거나 발생할 우려가 있는 경우와 전기통신사업법에 의한 기간통신 사업자가 전기통신서비스를 중지하는 등 기타 불가항력적 사유가 있는 경우에는 서비스의 전부 또는 일부를 제한하거나 정지할 수 있습니다.\n② 사이트는 제1항의 규정에 의하여 서비스의 이용을 제한하거나 정지할 때에는 그 사유 및 제한기간 등을 지체없이 회원에게 알려야 합니다.\n\n\n\n제5장 계약사항의 변경, 해지\n\n\n\n제 12 조 (정보의 변경)\n회원이 주소, 비밀번호 등 고객정보를 변경하고자 하는 경우에는 홈페이지의 회원정보 변경 서비스를 이용하여 변경할 수 있습니다.\n\n\n\n제 13 조 (계약사항의 해지)\n회원은 서비스 이용계약을 해지할 수 있으며, 해지할 경우에는 본인이 직접 서비스를 통하거나 전화 또는 온라인 등으로 사이트에 해지신청을 하여야 합니다. 사이트는 해지신청이 접수된 당일부터 해당 회원의 서비스 이용을 제한합니다. 사이트는 회원이 다음 각 항의 1에 해당하여 이용계약을 해지하고자 할 경우에는 해지조치 7일전까지 그 뜻을 이용고객에게 통지하여 소명할 기회를 주어야 합니다.\n① 이용고객이 이용제한 규정을 위반하거나 그 이용제한 기간 내에 제한 사유를 해소하지 않는 경우\n② 정보통신윤리위원회가 이용해지를 요구한 경우\n③ 이용고객이 정당한 사유 없이 의견진술에 응하지 아니한 경우\n④ 타인 명의로 신청을 하였거나 신청서 내용의 허위 기재 또는 허위서류를 첨부하여 이용계약을 체결한 경우\n사이트는 상기 규정에 의하여 해지된 이용고객에 대해서는 별도로 정한 기간동안 가입을 제한할 수 있습니다.\n\n\n\n제6장 손해배상\n\n\n\n제 14 조 (면책조항)\n① 사이트는 회원이 서비스 제공으로부터 기대되는 이익을 얻지 못하였거나 서비스 자료에 대한 취사선택 또는 이용으로 발생하는 손해 등에 대해서는 책임이 면제됩니다.\n② 사이트는 회원의 귀책사유나 제3자의 고의로 인하여 서비스에 장애가 발생하거나 회원의 데이터가 훼손된 경우에 책임이 면제됩니다.\n③ 사이트는 회원이 게시 또는 전송한 자료의 내용에 대해서는 책임이 면제됩니다.\n④ 상표권이 있는 도메인의 경우, 이로 인해 발생할 수도 있는 손해나 배상에 대한 책임은 구매한 회원 당사자에게 있으며, 사이트는 이에 대한 일체의 책임을 지지 않습니다.\n\n\n\n제 15 조 (관할법원)\n\n\n\n서비스와 관련하여 사이트와 회원간에 분쟁이 발생할 경우 사이트의 본사 소재지를 관할하는 법원을 관할법원으로 합니다.\n\n				', '2023-08-31', 0),
	(1.0, '본 사이트는 고객님의 개인정보를 중요시하며, "정보통신망 이용촉진 및 정보보호"에 관한 법률을 준수하고 있습니다.\n본 사이트는 개인정보취급방침을 통하여 고객님께서 제공하시는 개인정보가 어떠한 용도와 방식으로 이용되고 있으며, 개인정보보호를 위해 어떠한 조치가 취해지고 있는지 알려드립니다.\n\n본 사이트는 개인정보취급방침을 개정하는 경우 웹사이트 공지사항(또는 개별공지)을 통하여 공지할 것입니다.\n\nο 본 방침은 : 년월일 부터 시행됩니다.\n\n■ 수집하는 개인정보의 항목\n\n본 사이트는 회원가입, 상담, 서비스 신청 등등을 위해 아래와 같은 개인정보를 수집하고 있습니다.\n\nο 수집항목 : 이름 , 로그인ID , 비밀번호 , 휴대폰 번호, 이메일\n\nο 개인정보 수집방법 : 홈페이지(회원가입)\n\n■ 개인정보의 수집 및 이용목적\n\n본 사이트는 수집한 개인정보를 다음의 목적을 위해 활용합니다.\n\nο 서비스 제공에 관한 계약 이행 및 서비스 제공에 따른 요금정산\n콘텐츠 제공 , 구매 및 요금 결제 , 물품배송 또는 청구지 등 발송\nο 회원 관리\n회원제 서비스 이용에 따른 본인확인 , 개인 식별 , 불량회원의 부정 이용 방지와 비인가 사용 방지 가입 의사 확인 , 불만처리 등 민원처리 , 고지사항 전달\n\n■ 개인정보의 보유 및 기간\n\n본 사이트는 개인정보 수집 및 이용목적이 달성된 후에는 예외 없이 해당 정보를 지체 없이 파기합니다.\n\n■ 개인정보의 파기 절차 및 방법\n\n본 사이트는 원칙적으로 개인정보 수집 및 이용목적이 달성된 후에는 해당 정보를 지체없이 파기합니다. 파기절차 및 방법은 다음과 같습니다.\n\nο 파기절차\n회원님이 회원가입 등을 위해 입력하신 정보는 목적이 달성된 후 별도의 DB로 옮겨져(종이의 경우 별도의 서류함) 내부 방침 및 기타 관련 법령에 의한 정보보호 사유에 따라(보유 및 이용기간 참조) 일정 기간 저장된 후 파기되어집니다. 별도 DB로 옮겨진 개인정보는 법률에 의한 경우가 아니고서는 보유되어지는 이외의 다른 목적으로 이용되지 않습니다.\n\nο 파기방법\n- 전자적 파일형태로 저장된 개인정보는 기록을 재생할 수 없는 기술적 방법을 사용하여 삭제합니다.\n\n■ 개인정보 제공\n\n본 사이트는 이용자의 개인정보를 원칙적으로 외부에 제공하지 않습니다. 다만, 아래의 경우에는 예외로 합니다.\n- 이용자들이 사전에 동의한 경우\n- 법령의 규정에 의거하거나, 수사 목적으로 법령에 정해진 절차와 방법에 따라 수사기관의 요구가 있는 경우\n\n■ 수집한 개인정보의 위탁\n\n본 사이트는 고객님의 동의없이 고객님의 정보를 외부 업체에 위탁하지 않습니다. 향후 그러한 필요가 생길 경우, 위탁 대상자와 위탁 업무 내용에 대해 고객님에게 통지하고 필요한 경우 사전 동의를 받도록 하겠습니다.\n\n■ 이용자 및 법정대리인의 권리와 그 행사방법\n\n이용자 및 법정 대리인은 언제든지 등록되어 있는 자신 혹은 당해 만 14세 미만 아동의 개인정보를 조회하거나 수정할 수 있으며 가입해지를 요청할 수도 있습니다.\n이용자 혹은 만 14세 미만 아동의 개인정보 조회,수정을 위해서는 ‘개인정보변경’(또는 ‘회원정보수정’ 등)을 가입해지(동의철회)를 위해서는 “회원탈퇴”를 클릭하여 본인 확인 절차를 거치신 후 직접 열람, 정정 또는 탈퇴가 가능합니다. 혹은 개인정보관리책임자에게 서면, 전화 또는 이메일로 연락하시면 지체없이 조치하겠습니다. 귀하가 개인정보의 오류에 대한 정정을 요청하신 경우에는 정정을 완료하기 전까지 당해 개인정보를 이용 또는 제공하지 않습니다. 또한 잘못된 개인정보를 제3자에게 이미 제공한 경우에는 정정 처리결과를 제3자에게 지체없이 통지하여 정정이 이루어지도록 하겠습니다.\n본 사이트는 이용자 혹은 법정 대리인의 요청에 의해 해지 또는 삭제된 개인정보는 본 사이트가 수집하는 개인정보의 보유 및 이용기간”에 명시된 바에 따라 처리하고 그 외의 용도로 열람 또는 이용할 수 없도록 처리하고 있습니다.\n\n■ 개인정보에 관한 민원서비스\n\n본 사이트는 고객의 개인정보를 보호하고 개인정보와 관련한 불만을 처리하기 위하여 아래와 같이 관련 부서 및 개인정보관리책임자를 지정하고 있습니다.\n\n개인정보관리책임자 성명 :\n전화번호 :\n이메일 :\n\n귀하께서는 본 사이트의 서비스를 이용하시며 발생하는 모든 개인정보보호 관련 민원을 개인정보관리책임자 혹은 담당부서로 신고하실 수 있습니다. 본 사이트는 이용자들의 신고사항에 대해 신속하게 충분한 답변을 드릴 것입니다.\n\n기타 개인정보침해에 대한 신고나 상담이 필요하신 경우에는 아래 기관에 문의하시기 바랍니다.\n\n1.개인분쟁조정위원회 (www.1336.or.kr/1336)\n2.정보보호마크인증위원회 (www.eprivacy.or.kr/02-580-0533~4)\n3.대검찰청 인터넷범죄수사센터 (http://icic.sppo.go.kr/02-3480-3600)\n4.경찰청 사이버테러대응센터 (www.ctrc.go.kr/02-392-0330)', '2023-09-01', 1),
	(1.1, '본 사이트는 고객님의 개인정보를 중요시하며, "정보통신망 이용촉진 및 정보보호"에 관한 법률을 준수하고 있습니다.\n본 사이트는 개인정보취급방침을 통하여 고객님께서 제공하시는 개인정보가 어떠한 용도와 방식으로 이용되고 있으며, 개인정보보호를 위해 어떠한 조치가 취해지고 있는지 알려드립니다.\n\n본 사이트는 개인정보취급방침을 개정하는 경우 웹사이트 공지사항(또는 개별공지)을 통하여 공지할 것입니다.\n\nο 본 방침은 : 년월일 부터 시행됩니다.\n\n■ 수집하는 개인정보의 항목\n\n본 사이트는 회원가입, 상담, 서비스 신청 등등을 위해 아래와 같은 개인정보를 수집하고 있습니다.\n\nο 수집항목 : 이름 , 로그인ID , 비밀번호 , 휴대폰 번호, 이메일\n\nο 개인정보 수집방법 : 홈페이지(회원가입)\n\n■ 개인정보의 수집 및 이용목적\n\n본 사이트는 수집한 개인정보를 다음의 목적을 위해 활용합니다.\n\nο 서비스 제공에 관한 계약 이행 및 서비스 제공에 따른 요금정산\n콘텐츠 제공 , 구매 및 요금 결제 , 물품배송 또는 청구지 등 발송\nο 회원 관리\n회원제 서비스 이용에 따른 본인확인 , 개인 식별 , 불량회원의 부정 이용 방지와 비인가 사용 방지 가입 의사 확인 , 불만처리 등 민원처리 , 고지사항 전달\n\n■ 개인정보의 보유 및 기간\n\n본 사이트는 개인정보 수집 및 이용목적이 달성된 후에는 예외 없이 해당 정보를 지체 없이 파기합니다.\n\n■ 개인정보의 파기 절차 및 방법\n\n본 사이트는 원칙적으로 개인정보 수집 및 이용목적이 달성된 후에는 해당 정보를 지체없이 파기합니다. 파기절차 및 방법은 다음과 같습니다.\n\nο 파기절차\n회원님이 회원가입 등을 위해 입력하신 정보는 목적이 달성된 후 별도의 DB로 옮겨져(종이의 경우 별도의 서류함) 내부 방침 및 기타 관련 법령에 의한 정보보호 사유에 따라(보유 및 이용기간 참조) 일정 기간 저장된 후 파기되어집니다. 별도 DB로 옮겨진 개인정보는 법률에 의한 경우가 아니고서는 보유되어지는 이외의 다른 목적으로 이용되지 않습니다.\n\nο 파기방법\n- 전자적 파일형태로 저장된 개인정보는 기록을 재생할 수 없는 기술적 방법을 사용하여 삭제합니다.\n\n■ 개인정보 제공\n\n본 사이트는 이용자의 개인정보를 원칙적으로 외부에 제공하지 않습니다. 다만, 아래의 경우에는 예외로 합니다.\n- 이용자들이 사전에 동의한 경우\n- 법령의 규정에 의거하거나, 수사 목적으로 법령에 정해진 절차와 방법에 따라 수사기관의 요구가 있는 경우\n\n■ 수집한 개인정보의 위탁\n\n본 사이트는 고객님의 동의없이 고객님의 정보를 외부 업체에 위탁하지 않습니다. 향후 그러한 필요가 생길 경우, 위탁 대상자와 위탁 업무 내용에 대해 고객님에게 통지하고 필요한 경우 사전 동의를 받도록 하겠습니다.\n\n■ 이용자 및 법정대리인의 권리와 그 행사방법\n\n이용자 및 법정 대리인은 언제든지 등록되어 있는 자신 혹은 당해 만 14세 미만 아동의 개인정보를 조회하거나 수정할 수 있으며 가입해지를 요청할 수도 있습니다.\n이용자 혹은 만 14세 미만 아동의 개인정보 조회,수정을 위해서는 ‘개인정보변경’(또는 ‘회원정보수정’ 등)을 가입해지(동의철회)를 위해서는 “회원탈퇴”를 클릭하여 본인 확인 절차를 거치신 후 직접 열람, 정정 또는 탈퇴가 가능합니다. 혹은 개인정보관리책임자에게 서면, 전화 또는 이메일로 연락하시면 지체없이 조치하겠습니다. 귀하가 개인정보의 오류에 대한 정정을 요청하신 경우에는 정정을 완료하기 전까지 당해 개인정보를 이용 또는 제공하지 않습니다. 또한 잘못된 개인정보를 제3자에게 이미 제공한 경우에는 정정 처리결과를 제3자에게 지체없이 통지하여 정정이 이루어지도록 하겠습니다.\n본 사이트는 이용자 혹은 법정 대리인의 요청에 의해 해지 또는 삭제된 개인정보는 본 사이트가 수집하는 개인정보의 보유 및 이용기간”에 명시된 바에 따라 처리하고 그 외의 용도로 열람 또는 이용할 수 없도록 처리하고 있습니다.\n\n■ 개인정보에 관한 민원서비스\n\n본 사이트는 고객의 개인정보를 보호하고 개인정보와 관련한 불만을 처리하기 위하여 아래와 같이 관련 부서 및 개인정보관리책임자를 지정하고 있습니다.\n\n개인정보관리책임자 성명 :\n전화번호 :\n이메일 :\n\n귀하께서는 본 사이트의 서비스를 이용하시며 발생하는 모든 개인정보보호 관련 민원을 개인정보관리책임자 혹은 담당부서로 신고하실 수 있습니다. 본 사이트는 이용자들의 신고사항에 대해 신속하게 충분한 답변을 드릴 것입니다.\n\n기타 개인정보침해에 대한 신고나 상담이 필요하신 경우에는 아래 기관에 문의하시기 바랍니다.\n\n1.개인분쟁조정위원회 (www.1336.or.kr/1336)\n2.정보보호마크인증위원회 (www.eprivacy.or.kr/02-580-0533~4)\n3.대검찰청 인터넷범죄수사센터 (http://icic.sppo.go.kr/02-3480-3600)\n4.경찰청 사이버테러대응센터 (www.ctrc.go.kr/02-392-0330)', '2023-09-01', 1);
/*!40000 ALTER TABLE `content_info` ENABLE KEYS */;

-- 테이블 cloud_24_365.sq_client_company_id 구조 내보내기
CREATE TABLE IF NOT EXISTS `sq_client_company_id` (
  `next_not_cached_value` bigint(21) NOT NULL,
  `minimum_value` bigint(21) NOT NULL,
  `maximum_value` bigint(21) NOT NULL,
  `start_value` bigint(21) NOT NULL COMMENT 'start value when sequences is created or value if RESTART is used',
  `increment` bigint(21) NOT NULL COMMENT 'increment value',
  `cache_size` bigint(21) unsigned NOT NULL,
  `cycle_option` tinyint(1) unsigned NOT NULL COMMENT '0 if no cycles are allowed, 1 if the sequence should begin a new cycle when maximum_value is passed',
  `cycle_count` bigint(21) NOT NULL COMMENT 'How many cycles have been done'
) ENGINE=InnoDB SEQUENCE=1;

-- 테이블 데이터 cloud_24_365.sq_client_company_id:~1 rows (대략적) 내보내기
DELETE FROM `sq_client_company_id`;
/*!40000 ALTER TABLE `sq_client_company_id` DISABLE KEYS */;
INSERT INTO `sq_client_company_id` (`next_not_cached_value`, `minimum_value`, `maximum_value`, `start_value`, `increment`, `cache_size`, `cycle_option`, `cycle_count`) VALUES
	(1001, 1, 999999, 1, 1, 1000, 0, 0);
/*!40000 ALTER TABLE `sq_client_company_id` ENABLE KEYS */;

-- 테이블 cloud_24_365.sys_auth 구조 내보내기
CREATE TABLE IF NOT EXISTS `sys_auth` (
  `AUTH_CODE` int(11) NOT NULL DEFAULT 11 COMMENT '권한코드',
  `AUTH_NAME` varchar(20) DEFAULT NULL COMMENT '권한명',
  PRIMARY KEY (`AUTH_CODE`)
) ENGINE=InnoDB DEFAULT CHARSET=utf8;

-- 테이블 데이터 cloud_24_365.sys_auth:~8 rows (대략적) 내보내기
DELETE FROM `sys_auth`;
/*!40000 ALTER TABLE `sys_auth` DISABLE KEYS */;
INSERT INTO `sys_auth` (`AUTH_CODE`, `AUTH_NAME`) VALUES
	(11, 'USER_운영관리자'),
	(99, 'USER_대표 계정관리자'),
	(100, 'ADMIN_슈퍼바이저'),
	(200, 'ADMIN_운영관리자 (관리)'),
	(300, 'ADMIN_운영관리자 (영업)'),
	(400, 'ADMIN_운영자(모니터링)'),
	(998, 'ADMIN_계정관리자'),
	(999, 'ROOT_계정관리자 (유일)');
/*!40000 ALTER TABLE `sys_auth` ENABLE KEYS */;

-- 테이블 cloud_24_365.user_info 구조 내보내기
CREATE TABLE IF NOT EXISTS `user_info` (
  `USER_ID` varchar(10) NOT NULL COMMENT '사용자 ID',
  `USER_PW` varchar(128) NOT NULL COMMENT '사용자 비밀번호',
  `USER_NAME` varchar(20) NOT NULL COMMENT '이름',
  `USER_PHONE` varchar(20) DEFAULT '미기재' COMMENT '전화번호',
  `USER_EMAIL` varchar(50) DEFAULT '미기재' COMMENT '이메일',
  `USER_DEPT` varchar(20) DEFAULT '미기재' COMMENT '부서',
  `USER_RANK` varchar(10) DEFAULT '미기재' COMMENT '직급',
  `USE_YN` varchar(1) DEFAULT 'Y' COMMENT '계정 사용여부',
  `REG_DT` date DEFAULT current_timestamp() COMMENT '등록일',
  `AUTH_CODE` int(11) DEFAULT 11 COMMENT '권한등급',
  `INTRO_YN` varchar(50) DEFAULT 'F' COMMENT '최초정보기입여부',
  `AUTH_PHONE` varchar(50) DEFAULT 'F' COMMENT '핸드폰인증여부',
  `COMPANY_ID` varchar(4) DEFAULT NULL COMMENT '회사명',
  PRIMARY KEY (`USER_ID`) USING BTREE,
  KEY `FK_user_info_company_info` (`COMPANY_ID`),
  KEY `FK_user_info_sys_auth` (`AUTH_CODE`),
  CONSTRAINT `FK_user_info_company_info` FOREIGN KEY (`COMPANY_ID`) REFERENCES `company_info` (`COMPANY_ID`) ON DELETE SET NULL ON UPDATE CASCADE,
  CONSTRAINT `FK_user_info_sys_auth` FOREIGN KEY (`AUTH_CODE`) REFERENCES `sys_auth` (`AUTH_CODE`) ON DELETE SET NULL ON UPDATE CASCADE
) ENGINE=InnoDB DEFAULT CHARSET=utf8 COMMENT='사용자 정보 테이블';

-- 테이블 데이터 cloud_24_365.user_info:~14 rows (대략적) 내보내기
DELETE FROM `user_info`;
/*!40000 ALTER TABLE `user_info` DISABLE KEYS */;
INSERT INTO `user_info` (`USER_ID`, `USER_PW`, `USER_NAME`, `USER_PHONE`, `USER_EMAIL`, `USER_DEPT`, `USER_RANK`, `USE_YN`, `REG_DT`, `AUTH_CODE`, `INTRO_YN`, `AUTH_PHONE`, `COMPANY_ID`) VALUES
	('admin1', '$2a$10$4YOHWXdXXeG85cM9g9MC7OWrDuNe96UjHqY5MlsMIlz6voySqYXZm', '대표 계정관리자1 (admin)', '미기재', '미기재', '미기재', '미기재', 'Y', '2023-08-26', 998, 'T', 'F', '0000'),
	('admin122', '$2a$10$AnTnj4YlbhLcyDewJ8u1Q.gEaHhsvD4lW75oWpqpGJ7KzDCYzSMpC', 'admin1', '010-1111-2222', 'dfdfdf@gmail.com', 'sdfasd', 'safdsda', 'Y', '2023-08-29', 998, 'T', 'F', NULL),
	('admin2', '$2a$10$4YOHWXdXXeG85cM9g9MC7OWrDuNe96UjHqY5MlsMIlz6voySqYXZm', '대표 계정관리자2 (admin)', '미기재', '미기재', '미기재', '미기재', 'Y', '2023-08-26', 998, 'F', 'F', '0000'),
	('admin3', '$2a$10$4YOHWXdXXeG85cM9g9MC7OWrDuNe96UjHqY5MlsMIlz6voySqYXZm', '수퍼바이저', '미기재', '미기재', '미기재', '미기재', 'Y', '2023-08-26', 100, 'F', 'F', '0000'),
	('admin4', '$2a$10$4YOHWXdXXeG85cM9g9MC7OWrDuNe96UjHqY5MlsMIlz6voySqYXZm', '운영관리자(관리)', '미기재', '미기재', '미기재', '미기재', 'Y', '2023-08-26', 200, 'F', 'F', '0000'),
	('admin5', '$2a$10$4YOHWXdXXeG85cM9g9MC7OWrDuNe96UjHqY5MlsMIlz6voySqYXZm', '운영관리자(영업)', '미기재', '미기재', '미기재', '미기재', 'Y', '2023-08-26', 300, 'F', 'F', '0000'),
	('admin6', '$2a$10$4YOHWXdXXeG85cM9g9MC7OWrDuNe96UjHqY5MlsMIlz6voySqYXZm', '운영자(모니터링)', '미기재', '미기재', '미기재', '미기재', 'Y', '2023-08-26', 400, 'F', 'F', '0000'),
	('root', '$2a$10$4YOHWXdXXeG85cM9g9MC7OWrDuNe96UjHqY5MlsMIlz6voySqYXZm', '대표 계정관리자(마스터)', '미기재', '미기재', '미기재', '미기재', 'Y', '2023-08-26', 999, 'Ｔ', 'F', '0000'),
	('sdafaaa', '$2a$10$XURrsNMrzh8M9hPqWDoMZ.TbTKxBS/50q/.b40mEAsAHIqVKi.Guy', 'AAA', '010-3333-3333', 'FFF@gmail.com', 'CCC', 'BBB', 'Y', '2023-08-28', 11, 'T', 'F', NULL),
	('user1', '$2a$10$4YOHWXdXXeG85cM9g9MC7OWrDuNe96UjHqY5MlsMIlz6voySqYXZm', '대표 계정관리자', '미기재', '미기재', '미기재', '미기재', 'Y', '2023-07-24', 99, 'Ｔ', 'F', NULL),
	('user2', '$2a$10$4YOHWXdXXeG85cM9g9MC7OWrDuNe96UjHqY5MlsMIlz6voySqYXZm', '대표 계정관리자2', '미기재', '미기재', '미기재', '미기재', 'Y', '2023-08-03', 99, 'F', 'F', NULL),
	('user3', '$2a$10$4YOHWXdXXeG85cM9g9MC7OWrDuNe96UjHqY5MlsMIlz6voySqYXZm', '운영관리자', '미기재', '미기재', '미기재', '미기재', 'Y', '2023-08-03', 11, 'Ｔ', 'F', NULL),
	('user4', '$2a$10$4YOHWXdXXeG85cM9g9MC7OWrDuNe96UjHqY5MlsMIlz6voySqYXZm', '운영관리자1', '미기재', '미기재', '미기재', '미기재', 'Y', '2023-08-03', 11, 'Ｔ', 'F', NULL),
	('user4123', '$2a$10$SJvj/Xmbxib4qMGPwnzzxOwgGCh5Ag4oNIWehVSmo34I7SxiYCVSO', 'admin1', '', '', 'aasfds', 'sadfa', 'Y', '2023-09-04', 11, 'T', 'F', '0008');
/*!40000 ALTER TABLE `user_info` ENABLE KEYS */;

/*!40101 SET SQL_MODE=IFNULL(@OLD_SQL_MODE, '') */;
/*!40014 SET FOREIGN_KEY_CHECKS=IF(@OLD_FOREIGN_KEY_CHECKS IS NULL, 1, @OLD_FOREIGN_KEY_CHECKS) */;
/*!40101 SET CHARACTER_SET_CLIENT=@OLD_CHARACTER_SET_CLIENT */;
